,Name,City,Country,Arena,Capactity,Logo URL,Division,City,State,,,,,,,,,,,,,,,,,,,,,,

Team,Hawks,Atlanta,USA,State Farm Arena,18118,https://gmgames.org/dm16logos/Team0.png,Southeast,Atlanta,Georgia,,,,,,,,,,,,,,,,,,,,,,

Team,Celtics,Boston,USA,TD Garden,18624,https://gmgames.org/dm16logos/Team1.png,Atlantc,Boston,Massachusetts,,,,,,,,,,,,,,,,,,,,,,

Team,Nets,Brooklyn,USA,Barclays Center,17732,https://gmgames.org/dm16logos/Team2.png,Atlantic,Brooklyn,New York,,,,,,,,,,,,,,,,,,,,,,

Team,Hornets,Charlotte,USA,Spectrum Center,19077,https://gmgames.org/dm16logos/Team3.png,Southeast,Charlotte,North Carolina,,,,,,,,,,,,,,,,,,,,,,

Team,Bulls,Chicago,USA,United Center,20917,https://gmgames.org/dm16logos/Team4.png,Central,Chicago,Illinois,,,,,,,,,,,,,,,,,,,,,,

Team,Cavaliers,Cleveland,USA,Rocket Mortgage FieldHouse,19432,https://gmgames.org/dm16logos/Team5.png,Central,Cleveland,Ohio,,,,,,,,,,,,,,,,,,,,,,

Team,Mavericks,Dallas,USA,American Airlines Center,19200,https://gmgames.org/dm16logos/Team6.png,Southwest,Dallas,Texas,,,,,,,,,,,,,,,,,,,,,,

Team,Nuggets,Denver,USA,Pepsi Center,19520,https://gmgames.org/dm16logos/Team7.png,Northwest,Denver,Colorado,,,,,,,,,,,,,,,,,,,,,,

Team,Pistons,Detroit,USA,Little Caesars Arena,20332,https://gmgames.org/dm16logos/Team8.png,Central,Detroit,Michigan,,,,,,,,,,,,,,,,,,,,,,

Team,Warriors,Golden State,USA,Chase Center,18064,https://gmgames.org/dm16logos/Team9.png,Pacific,Oakland,California,,,,,,,,,,,,,,,,,,,,,,

Team,Rockets,Houston,USA,Toyota Center,18055,https://gmgames.org/dm16logos/Team10.png,Southwest,Houston,Texas,,,,,,,,,,,,,,,,,,,,,,

Team,Pacers,Indiana,USA,Bankers Life Fieldhouse,17923,https://gmgames.org/dm16logos/Team11.png,Central,Indianapolis,Indiana,,,,,,,,,,,,,,,,,,,,,,

Team,Clippers,Los Angeles,USA,Staples Center,19068,https://gmgames.org/dm16logos/Team12.png,Pacific,Los Angeles,California,,,,,,,,,,,,,,,,,,,,,,

Team,Lakers,Los Angeles,USA,Staples Center,18997,https://gmgames.org/dm16logos/Team13.png,Pacific,Los Angeles,California,,,,,,,,,,,,,,,,,,,,,,

Team,Grizzlies,Memphis,USA,FedExForum,17794,https://gmgames.org/dm16logos/Team14.png,Southwest,Memphis,Tennessee,,,,,,,,,,,,,,,,,,,,,,

Team,Heat,Miami,USA,American Airlines Arena,19600,https://gmgames.org/dm16logos/Team15.png,Southeast,Miami,Florida,,,,,,,,,,,,,,,,,,,,,,

Team,Bucks,Milwaukee,USA,Fiserv Forum,17500,https://gmgames.org/dm16logos/Team16.png,Central,Milwaukee,Wisconsin,,,,,,,,,,,,,,,,,,,,,,

Team,Timberwolves,Minnesota,USA,Target Center,18978,https://gmgames.org/dm16logos/Team17.png,Northwest,Minneapolis,Minnesota,,,,,,,,,,,,,,,,,,,,,,

Team,Pelicans,New Orleans,USA,Smoothie King Center,16867,https://gmgames.org/dm16logos/Team18.png,Southwest,New Orleans,Louisiana,,,,,,,,,,,,,,,,,,,,,,

Team,Knicks,New York,USA,Madison Square Garden,19812,https://gmgames.org/dm16logos/Team19.png,Atlantic,New York,New York,,,,,,,,,,,,,,,,,,,,,,

Team,Thunder,Oklahoma City,USA,Chesapeake Energy Arena,18203,https://gmgames.org/dm16logos/Team20.png,Northwest,Oklahoma City,Oklahoma,,,,,,,,,,,,,,,,,,,,,,

Team,Magic,Orlando,USA,Amway Center,18846,https://gmgames.org/dm16logos/Team21.png,Southeast,Orlando,Florida,,,,,,,,,,,,,,,,,,,,,,

Team,76ers,Philadelphia,USA,Wells Fargo Center,20478,https://gmgames.org/dm16logos/Team22.png,Atlantic,Philadelphia,Pennsylvania,,,,,,,,,,,,,,,,,,,,,,

Team,Suns,Phoenix,USA,Talking Stick Resort Arena,18055,https://gmgames.org/dm16logos/Team23.png,Pacific,Phoenix,Arizona,,,,,,,,,,,,,,,,,,,,,,

Team,Trail Blazers,Portland,USA,Moda Center,19441,https://gmgames.org/dm16logos/Team24.png,Northwest,Portland,Oregon,,,,,,,,,,,,,,,,,,,,,,

Team,Kings,Sacramento,USA,Golden 1 Center,17583,https://gmgames.org/dm16logos/Team25.png,Pacific,Sacramento,California,,,,,,,,,,,,,,,,,,,,,,

Team,Spurs,San Antonio,USA,AT&T Center,18418,https://gmgames.org/dm16logos/Team26.png,Southwest,San Antonio,Texas,,,,,,,,,,,,,,,,,,,,,,

Team,Raptors,Toronto,Canada,Scotiabank Arena,19800,https://gmgames.org/dm16logos/Team27.png,Atlantic,Toronto,Canada,,,,,,,,,,,,,,,,,,,,,,

Team,Jazz,Utah,USA,Vivint Smart Home Arena,18306,https://gmgames.org/dm16logos/Team28.png,Northwest,Salt Lake City,Utah,,,,,,,,,,,,,,,,,,,,,,

Team,Wizards,Washington,USA,Capital One Arena,20356,https://gmgames.org/dm16logos/Team29.png,Southeast,Washincton,D.C,,,,,,,,,,,,,,,,,,,,,,

NewFranchiseLogo,,,,,,https://gmgames.org/dm16logos/Team30.png,,,,,,,,,,,,,,,,,,,,,,,,,

,,,,,,,,,,,,,,,,,,,,,,,,,,,,,,,

Type,FirstName,Last Name,Position,Age,Height,Weight,Team ID,Defence,TurnOvers,FTA,FTPerc,2PTA,2PTPerc,3PTA,ThreePerc,OffReb,Fame,DefReb,FastBreak,Assists,Personality,Potential,Steals,Blocks,Stamina,Trait,,,,,

players,Clint,Capela,C,25,210,240,0,78,1.9,5.5,0.55,9.4,0.63,0.4,0.20,3.4,45,6.5,25,1.1,50,68,0.8,1.5,56,,,,,,

players,John,Collins,PF,22,211,235,0,63,1.7,2.3,0.76,11.2,0.55,3.8,0.36,2.6,45,7.5,48,1.4,66,70,0.7,1.7,60,,,,,,

players,DeAndre,Hunter,SF,22,204,225,0,69,1.6,2.7,0.76,6.5,0.41,5.2,0.35,0.8,39,3.7,50,1.8,66,76,0.8,0.3,57,R,,,,,

players,Kevin,Huerter,SG,21,204,190,0,63,0.9,1.3,0.78,5,0.44,6,0.40,0.9,53,3.2,64,3.4,65,71,0.9,0.4,67,,,,,,

players,Trae,Young,PG,21,186,180,0,62,4.9,9.5,0.87,12,0.41,9.5,0.40,0.7,75,3.7,82,9.6,75,72,1.5,0.2,88,HH,,,,,

players,Cam,Reddish,SG,20,207,218,0,66,1.6,2.4,0.80,5.2,0.38,4.2,0.32,0.7,55,3,64,1.8,62,72,1.3,0.5,70,R,,,,,

players,DeAndre,Bembry,SF,25,198,210,0,62,1.4,1.3,0.65,4.5,0.58,1.5,0.24,1,38,2.9,53,2,70,54,1.5,0.4,65,,,,,,

players,Dewayne,Dedmon,C,30,214,245,0,73,1.2,1.4,0.78,3.4,0.55,2.5,0.26,1.5,54,4,38,0.6,64,45,0.5,0.8,58,,,,,,

players,Skal,Labissiere,PF,25,212,235,0,62,1,1.4,0.75,4.2,0.52,0.8,0.34,1.7,"58
",3,53,1.2,77,68,0.3,0.8,63,,,,,,

players,Jeff,Teague,PG,31,192,195,0,68,2,2.7,0.86,4.3,0.47,1.7,0.34,0.4,56,1.9,66,5.1,80,59,1.1,0.3,80,SP,,,,,

players,Vince,Carter,SG,43,201,180,0,72,1.1,2.3,0.79,6.4,0.40,3.7,0.34,0.7,70,2.5,66,2,92,48,0.7,0.6,74,HF,,,,,

players,Brandon,Goodwin,PG,24,183,200,0,57,0.8,1.3,0.85,2.9,0.40,2.4,0.33,0.4,12,1.6,55,1.4,69,75,0.5,0.3,72,,,,,,

players,Bruno,Fernando,PF,21,190,240,0,59,0.9,1.3,0.65,2.8,0.43,1.4,0.20,1.5,20,2.3,40,1,65,71,0.3,0.5,67,R,,,,,

,,,,,,,,,,,,,,,,,,,,,,,,,,,,,,,

,,,,,,,,,,,,,,,,,,,,,,,,,,,,,,,

players,Daniel,Theis,C,27,207,245,1,71,0.8,1.8,0.74,3.9,0.43,1.9,0.33,2,59,3.6,53,1.4,70,66,0.6,1.1,66,,,,,,

players,Jayson,Tatum,PF,22,207,210,1,69,1.9,4,0.82,11,0.45,5.5,0.39,1,72,5.5,63,2.5,85,75,1.2,1,75,,,,,,

players,Gordon,Hayward,SF,29,204,225,1,70,2,3.7,0.84,9.5,0.41,4.2,0.38,1,70,4.7,67,3.8,70,63,0.9,0.4,70,SP,,,,,

players,Jaylen,Brown,SG,24,201,223,1,81,1.6,3.7,0.71,10.1,0.42,4.8,0.38,1,68,4.8,75,1.8,72,70,1,0.3,72,,,,,,

players,Kemba,Walker,PG,29,184,184,1,70,2.2,4.6,0.85,8.1,0.39,7.4,0.37,0.7,75,3.3,90,5.2,85,68,1.2,0.4,90,HH,,,,,

players,Marcus,Smart,SG,26,192,220,1,80,1.6,3.2,0.79,5.1,0.37,6.2,0.33,0.8,49,2.8,66,4.4,69,63,1.6,0.5,70,PT,,,,,

players,Enes,Kanter,C,27,212.5,250,1,64,1.3,2.2,0.74,6.4,0.56,0.5,0.30,2.9,52,5,31,1,70,65,0.4,0.6,54,IH,,,,,

players,Semi,Ojeleye,SF,25,201.2,240,1,61,0.7,1,0.75,1.7,0.36,2.2,0.34,0.7,28,2,59,0.8,73,56,0.5,0.5,77,,,,,,

players,Brad,Wanamaker,PG,30,192,210,1,60,1,2.4,0.90,3.5,0.41,2.2,0.36,0.2,25,1.6,64,2.4,65,52,0.6,0.2,71,,,,,,

players,Grant,Williams,PF,21,201,236,1,68,1,1.2,0.72,2.2,0.35,2,0.32,1.3,25,2,50,1,70,68,0.6,0.8,65,R,,,,,

players,Carsen,Edwards,PG,21,180,200,1,58,0.7,1.4,0.80,2,0.32,2.4,0.33,0.4,33,1.3,64,1,65,63,0.6,0.3,77,R,,,,,

players,Robert,Williams III,C,22,207,237,1,64,2,1,0.62,2.4,0.67,0.7,0.25,1.1,"25
",3,35,0.8,65,70,1,1.2,55,,,,,,

players,Romeo,Langford,SG,20,195,216,1,60,0.5,1,0.75,1.5,0.35,1,0.35,0.5,40,1,60,0.5,65,67,0.5,0.5,85,R,,,,,

,,,,,,,,,,,,,,,,,,,,,,,,,,,,,,,

,,,,,,,,,,,,,,,,,,,,,,,,,,,,,,,

players,Jarrett,Allen,C,22,212,243,2,80,1.2,3.4,0.67,6.6,0.62,0.5,0.25,2.7,55,6,45,1.2,80,65,0.7,1.5,65,,,,,,

players,Taurean,Prince,PF,25,204,218,2,65,1.9,2.1,0.79,4.1,0.40,6,0.36,0.8,40,4.5,65,2,70,60,1,0.5,70,,,,,,

players,Joe,Harris,SF,28,201,220,2,60,1.3,2.8,0.77,6.8,0.45,5.9,0.41,0.8,44,3,60,1.9,96,64,0.7,0.3,70,,,,,,

players,Caris,LaVert,SG,26,201.2,205,2,71,2.2,3,0.72,10.2,0.41,5,0.35,0.8,45,2.8,64,3.5,83,64,1,0.3,81,,,,,,

players,Kyrie,Irving,PG,28,190,195,2,72,2.6,4.7,0.90,13,0.43,6.2,0.39,1,94,3.5,93,6,80,70,1.3,0.5,96,SP,,,,,

players,Kevin,Durant,SF,31,210,240,2,75,3,6,0.88,12.5,0.43,5,0.36,0.6,95,6.1,75,5,85,60,1,1,80,,,,,,

players,DeAndre,Jordan,C,31,212,265,2,79,1.4,3,0.60,5.4,0.68,0.25,0.25,2.8,68,7.5,46,1.4,77,60,0.5,1.3,80,SP,,,,,

players,Spencer,Dinwiddie,PG,27,199.1,215,2,69,2.2,5.8,0.78,8.4,0.37,5.6,0.38,0.5,55,2.6,63,5.8,83,65,0.8,0.4,74,,,,,,

players,Garrett,Temple,SG,33,199.1,195,2,67,1,2.1,0.75,2.5,0.38,5.1,0.34,0.5,50,2.5,77,2.1,80,58,0.8,0.4,65,,,,,,

players,Rodions,Kurucs,PF,22,210,228,2,62,1,0.9,0.69,2.7,0.39,2,0.40,0.7,35,0.7,52,2,63,65,0.5,0.4,72,,,,,,

players,Wilson,Chandler,SF,32,207,235,2,68,1.2,1.4,0.81,7,0.37,3.6,0.33,0.7,45,4,52,1.4,72,57,0.6,0.5,80,,,,,,

players,Dzanan,Musa,SF,20,207,218,2,62,1,1.1,0.73,2.1,0.36,1.8,0.22,0.5,45,1.5,70,1,45,58,0.4,0.2,85,,,,,,

players,Nicolas,Â¨Claxton,C,20,212,215,2,64,0.8,1.5,0.60,2.8,0.33,0.8,0.28,1.3,34,1.6,30,1,68,68,0.4,0.8,64,R,,,,,

players,Theo,Pinson,SG,24,199,212,2,60,1,1,0.89,2.3,0.32,2.8,0.25,0.4,38,1.5,50,1.7,70,65,0.7,0.2,70,,,,,,

players,Timothe,Luwawu,SF,24,204,210,2,68,1,1.4,0.80,2.2,0.43,2.4,0.37,0.5,42,1.7,65,0.8,68,63,0.5,0.2,78,,,,,,

,,,,,,,,,,,,,,,,,,,,,,,,,,,,,,,

,,,,,,,,,,,,,,,,,,,,,,,,,,,,,,,

players,Bismack,Biyombo,C,27,203,255,3,79,1,3.1,0.60,4.9,0.53,0.15,0.25,2,40,4,35,0.7,66,65,0.3,1,65,,,,,,

players,Miles,Bridges,PF,22,198,225,3,70,1.2,1.7,0.79,6,0.42,4,0.34,1.2,44,4,65,1.6,75,70,0.7,0.7,80,,,,,,

players,PJ,Washington,SF,22,201,230,3,72,1.4,2.2,0.72,6.5,0.42,3.5,0.37,1,40,4,70,2,68,65,1,0.7,70,R,,,,,

players,Devonte,Graham,SG,25,185,195,3,68,2.4,3.1,0.81,4.5,0.38,6.8,0.36,0.6,62,2.5,70,5.5,73,73,1,0.3,68,,,,,,

players,Terry,Rozier,PG,25,185,190,3,71,1.7,2.7,0.84,7.3,0.43,5.5,0.38,0.7,48,3.4,64,3.5,65,63,1,0.3,71,,,,,,

players,Cody,Zeller,C,27,213,240,3,68,1.2,3,0.72,7.5,0.48,1,0.24,2.4,38,4.2,36,1.4,65,65,0.8,0.6,69,PT,,,,,

players,Nicolas,Batum,SG,31,206,230,3,69,1.4,1.5,0.87,4.6,0.33,3.3,0.33,1.1,58,3.8,54,3.4,70,60,1,0.5,66,,,,,,

players,Malik,Monk,PG,22,190,200,3,65,1.2,1.6,0.83,4.4,0.48,4,0.32,0.4,46,2,68,2,67,76,0.4,0.3,79,,,,,,

players,Willy,Hernangomez,C,26,211,250,3,65,1,2.8,0.64,5.2,0.57,1.3,0.30,1.6,28,2.9,26,0.9,64,70,0.5,0.5,56,,,,,,

players,Cody,Martin,SF,24,196,205,3,60,0.8,1.4,0.66,3.5,0.49,1.5,0.25,0.9,20,2.8,67,1.2,66,60,0.8,0.4,64,R,,,,,

players,Dwayne,Bacon,SG,24,198,221,3,64,0.8,1.6,0.70,4.8,0.40,2.2,0.32,0.4,33,2.3,69,1.2,66,60,0.6,0.2,67,,,,,,

,,,,,,,,,,,,,,,,,,,,,,,,,,,,,,,

,,,,,,,,,,,,,,,,,,,,,,,,,,,,,,,

players,Wendell,Carter JR,C,21,206,270,4,77,1.7,3.2,0.75,7.6,0.65,1,0.25,3,58,3,52,1.5,63,67,0.8,1,76,HH,,,,,

players,Lauri,Markkanen,PF,23,213,240,4,63,1.7,3.2,0.84,6.8,0.50,6.3,0.35,1.2,63,5.6,52,1.4,67,61,0.7,0.6,68,,,,,,

players,Zach,Lavine,SF,25,198,200,4,64,3,5,0.82,10.5,0.50,6.4,0.38,0.6,86,3.9,92,4,76,76,1.2,0.4,100,SP,,,,,

players,Tomas,Satoransky,PG,28,201,210,4,70,1.6,2.4,0.84,4.8,0.52,3.2,0.35,1,30,2.5,73,4.7,74,60,1.2,0.3,71,,,,,,

players,Kris,Dunn,PG,26,190,205,4,72,1.5,1.3,0.74,5.3,0.49,2,0.30,0.4,37,3.4,66,3.8,77,77,1.7,0.4,73,,,,,,

players,Otto,Porter Jr,SF,26,203,198,4,67,1,2.4,0.77,4.5,0.43,3.2,0.40,1.1,54,3.2,65,1.5,63,62,1,0.5,70,,,,,,

players,Thaddeus,Young,PF,31,203.5,235,4,68,1.4,2.1,0.64,8.4,0.47,2.8,0.36,1.7,59,3.6,46,1.8,75,60,1.4,0.4,66,,,,,,

players,Denzel,Valentine,SG,26,193,220,4,64,1,1.6,0.89,6.4,0.50,4.2,0.36,0.3,30,2.5,55,1.6,70,63,0.8,0.1,68,EX,,,,,

players,Coby,White,SG,20,193,195,4,67,1.4,2,0.80,6,0.42,5.4,0.35,0.4,45,3,63,2.3,70,69,1,0.2,80,R,,,,,

players,Daniel,Gafford,C,21,208,234,4,65,0.8,2.4,0.60,4.6,0.64,0.7,0.30,1.3,30,1.3,45,0.8,70,64,0.5,1.5,62,R,,,,,

players,Luke,Kornet,C,24,218,250,4,62,0.7,1.4,0.75,3.5,0.50,3.9,0.32,0.7,30,2,36,1,63,66,0.5,1,58,,,,,,

players,Shaquille,Harrison,SF,26,201,190,4,67,1,1.7,0.72,3.6,0.53,1.8,0.28,0.4,30,1.7,64,1.3,63,63,0.7,0.3,74,,,,,,

players,Ryan,Arcidiacono,PG,25,191,195,4,60,0.9,2.1,0.79,2.2,0.43,2.9,0.37,0.3,40,1.7,65,2,70,60,0.6,0.2,73,CG,,,,,

players,Chandler,Hutschinson,SF,23,201,210,4,64,1,2.2,0.62,4.9,0.54,2.4,0.30,0.7,36,3.3,64,1,65,65,0.8,0.3,74,,,,,,

,,,,,,,,,,,,,,,,,,,,,,,,,,,,,,,

,,,,,,,,,,,,,,,,,,,,,,,,,,,,,,,

players,Andre,Drummond,C,26,208,279,5,82,2.8,5,0.54,12.7,0.57,0.6,0.15,4.8,79,10.2,52,2,63,70,1.7,1.6,68,HH,,,,,

players,Kevin,Love,PF,31,203,251,5,70,2.2,4.6,0.84,7.5,0.53,5.7,0.37,1.9,70,8.6,62,2.7,75,63,0.7,0.7,71,,,,,,

players,Cedi,Osman,SF,24,201,230,5,67,1.2,3.2,0.68,6.3,0.50,5.3,0.37,0.5,50,3.4,69,2.6,60,65,0.7,0.3,73,,,,,,

players,Collin,Sexton,SG,21,185.1,190,5,70,2.2,3.6,0.85,12.7,0.53,3.8,0.37,0.8,63,2.2,73,2.2,83,65,1,0.2,85,,,,,,

players,Darius,Garland,PG,20,186,192,5,70,2.5,1.6,0.88,6.7,0.45,5.3,0.38,0.5,68,1.7,86,4,70,69,1,0.3,93,R,,,,,

players,Tristan,Thompson,PF,28,206,254,5,75,1.5,3,0.64,8.5,0.53,0.8,0.42,3.7,56,10,56,1.5,54,67,0.7,1,73,PT,,,,,

players,Kevin,Porter JR,SG,20,193,203,5,70,2,2.4,0.75,5.5,0.55,3.5,0.38,0.6,34,3,71,2.2,73,68,1.2,0.4,75,R,,,,,

players,Dante,Exum,PG,24,196,214,5,68,1.1,1.7,0.89,2.9,0.48,2.1,0.31,0.4,48,1.2,65,1.3,60,60,0.4,0.3,64,IH,,,,,

players,Larry,Nance Jr,PF,27,201,245,5,68,1,2.1,0.69,6.7,0.62,2.3,0.32,2,45,5,75,1.8,60,60,1,0.7,67,,,,,,

players,Dean,Wade,SF,23,206,228,5,62,0.6,0.8,0.78,1.8,0.48,2.3,0.40,0.5,38,3,64,0.5,65,65,0.4,0.4,73,R,,,,,

players,Ante,Zizic,C,23,208,266,5,61,0.7,2.4,0.80,4.5,0.60,0.25,0.25,1.2,30,2.5,40,0.5,62,66,0.3,0.5,62,,,,,,

players,Alfonso,McKinnie,SF,27,201,215,5,63,0.6,1.2,0.73,2.5,0.57,3.2,0.28,1,35,2,53,0.7,85,75,0.4,0.3,69,,,,,,

,,,,,,,,,,,,,,,,,,,,,,,,,,,,,,,

,,,,,,,,,,,,,,,,,,,,,,,,,,,,,,,

players,Dwight,Powell,C,28,208,240,6,69,1,3.6,0.70,5.5,0.53,1.7,0.28,1.7,45,3.5,45,1.3,66,70,1,0.7,68,,,,,,

players,Kristaps,Porzingis,PF,24,221,240,6,73,1.7,4.3,0.79,9.3,0.49,6,0.35,1.6,65,6.6,48,1.5,70,70,0.7,2,70,PT,,,,,

players,Dorian,Finney-Smith,SF,27,201,220,6,68,0.9,1.3,0.73,3.8,0.53,3.6,0.35,1.7,55,3.2,70,1.3,58,64,0.8,0.5,77,,,,,,

players,Tim,Hardaway JR,SG,28,196,205,6,62,1,2.4,0.81,5.5,0.49,6.2,0.38,0.3,60,2.5,68,2,50,63,0.6,0.2,73,EX,,,,,

players,Luka,Doncic,PG,20,201,230,6,69,4,8.4,0.75,10.5,0.60,8.4,0.33,1.3,90,7.7,85,7.8,85,75,1,0.3,85,SP,,,,,

players,Seth,Curry,SG,29,188,185,6,64,1,2.8,0.87,4.7,0.53,5.5,0.44,0.5,65,1.8,70,1.8,74,63,0.7,0.2,80,,,,,,

players,Jalen,Brunson,PG,23,185,190,6,65,1.2,1.5,0.79,5,0.54,2.2,0.36,0.4,44,2,74,3.2,80,62,0.5,0.2,82,,,,,,

players,Boban,Marjanovic,C,31,224,290,6,70,0.7,2.4,0.75,4.9,0.70,0.30,0.30,1.3,50,2.6,25,0.5,72,63,0.4,0.8,45,,,,,,

players,Justin,Jackson,SF,24,201,220,6,62,0.5,1,0.80,6,0.50,2.7,0.32,0.5,43,2.1,65,1,77,67,0.3,0.2,75,,,,,,

players,JJ,Barea,PG,35,178,180,6,60,1.5,1.9,0.90,5.9,0.49,3.7,0.40,0.4,40,2.2,60,4,70,58,0.5,0.1,70,CG,,,,,

players,Willie,Cauley-Stein,C,26,213,240,6,70,1,2,0.63,7,0.55,0.1,0.20,1.8,46,4.5,47,1.6,60,68,1,1,64,,,,,,

players,Michael,Kidd-Gilchrist,SF,26,198,230,6,72,0.8,1.6,0.75,5,0.45,1,0.29,1.2,35,3,52,1,70,67,0.5,0.4,68,,,,,,

players,Maxi,Kleber,PF,28,208,240,6,64,0.7,1.6,0.85,3.6,0.53,4.2,0.37,1.5,28,3.3,44,1,80,65,0.5,1,63,,,,,,

players,Delon,Wright,SG,27,196,183,6,66,1.4,2.2,0.80,4.6,0.45,2.2,0.35,1,39,2.6,61,3.4,74,68,1.3,0.7,71,,,,,,

,,,,,,,,,,,,,,,,,,,,,,,,,,,,,,,

,,,,,,,,,,,,,,,,,,,,,,,,,,,,,,,

players,Nikola,Jokic,C,25,213,284,7,70,2.7,4,0.82,12,0.57,3.2,0.34,2.7,67,7.3,24,6,60,65,1,0.7,59,SP,,,,,

players,Paul,Millsap,PF,35,201,257,7,73,1.5,3.5,0.79,8,0.53,2,0.40,2,65,4.5,56,2,70,60,1.1,1,78,,,,,,

players,Will,Barton,SF,29,196,181,7,67,1.4,2.3,0.77,7,0.50,4,0.36,1.1,47,4.2,64,3.1,72,64,1,0.5,80,CG,,,,,

players,Gary,Harris,SG,25,193,210,7,73,1.1,1.8,0.82,5.5,0.47,4,0.33,0.7,52,2.2,68,2.1,62,68,1.2,0.4,85,,,,,,

players,Jamal,Murray,PG,23,193,215,7,66,2.1,3.4,0.89,9.4,0.35,5.7,0.35,1,50,3,67,4.2,71,65,1.2,0.3,76,PT,,,,,

players,Michael,Porter JR,SF,22,208,218,7,68,1,1.3,0.82,3.9,0.55,2.4,0.39,1.2,64,3.5,63,1,64,72,0.6,0.6,70,R,,,,,

players,Jerami,Grant,PF,25,203,210,7,70,1,2.8,0.73,5,0.52,3,0.37,1,62,3,53,1,64,63,0.8,1,69,,,,,,

players,Mason,Plumlee,C,29,211,254,7,67,1.7,3,0.56,5,0.60,0.10,0.10,2,37,4,24,2.3,65,62,0.7,1,60,,,,,,

players,Monte,Morris,PG,23,192.5,192,7,63,0.8,2.3,0.80,5.4,0.54,2.4,0.40,0.4,40,2.2,65,2.7,65,65,1,0.3,80,PT,,,,,

players,Troy,Daniels,SG,28,193,205,7,58,1,0.9,0.80,1.7,0.40,4.2,0.40,0.4,34,1.8,58,1.2,62,65,0.5,0.2,70,,,,,,

players,Keita,Bates-Diop,SF,24,203,229,7,70,0.5,1.6,0.72,3,0.50,2.3,0.32,0.5,53,2.7,69,1,70,65,0.5,0.5,72,,,,,,

players,Torrey,Craig,SG,29,201,221,7,68,0.6,1,0.68,2,0.46,2.2,0.32,1,36,2.5,70,1,69,74,0.5,0.5,64,,,,,,

players,Noah,Vonleh,PF,24,208,257,7,62,1,1.2,0.75,3,0.66,0.8,0.24,1.6,20,3.4,50,1,68,64,0.4,0.4,59,,,,,,

players,Vlatko,Cancar,SF,22,203,236,7,60,0.2,0.8,0.84,1.8,0.44,1.5,0.37,0.5,58,1.9,91,0.6,80,72,0.2,0.2,72,R,,,,,

players,PJ,Dozier,PG,23,198,205,7,57,0.5,0.6,0.68,3.5,0.46,1.8,0.30,0.6,34,1.6,70,1.7,74,69,0.4,0.4,71,,,,,,

,,,,,,,,,,,,,,,,,,,,,,,,,,,,,,,

,,,,,,,,,,,,,,,,,,,,,,,,,,,,,,,

players,Christian,Wood,C,24,208,214,8,70,1,3.3,0.75,5,0.58,2,0.37,1.4,42,4,44,1,83,69,0.5,1,76,PT,,,,,

players,Blake,Griffin,PF,30,206,250,8,72,2.3,6.2,0.75,11,0.52,4.1,0.30,1.7,84,5.5,77,4,84,76,0.7,0.8,84,SP,,,,,

players,Sviatoslav,Mikhailiyuk,SF,22,201,205,8,63,1,1,0.83,2,0.47,4.2,0.40,0.4,36,1.2,58,1.5,70,68,0.6,0.2,70,,,,,,

players,Luke,Kennard,SG,23,196,206,8,62,1.4,2,0.88,5,0.50,5.2,0.40,0.3,42,3,54,3.4,93,77,0.5,0.3,73,,,,,,

players,Derrick,Rose,PG,31,188,200,8,68,2.6,3.5,0.85,13,0.57,3,0.30,1,78,2.3,74,5.6,78,68,1,0.5,84,PT,,,,,

players,Khyri,Thomas,SG,21,190,210,8,67,0.4,1,0.67,1.6,0.34,1.2,0.33,0.1,21,0.8,64,1.7,70,70,0.4,0.4,67,,,,,,

players,Sekou,Dombouya,SF,19,203,230,8,62,1.4,1.4,0.74,4.2,0.48,3,0.33,0.8,43,2.6,60,0.6,75,70,0.7,0.4,72,R,,,,,

players,Tony,Snell,SF,28,198,213,8,68,0.7,0.8,0.91,2.2,0.50,4,0.39,0.4,60,2,74,0.7,75,62,0.6,0.3,85,,,,,,

players,Langston,Galloway,SG,28,186,200,8,57,0.6,1.3,0.84,3.8,0.46,4.5,0.39,0.5,48,2,56,1.8,67,64,0.8,0.3,69,,,,,,

players,Thon,Maker,PF,23,213,221,8,60,0.7,1.6,0.68,2.4,0.54,1.4,0.33,1,35,2,54,0.8,44,69,0.4,0.7,70,PT,,,,,

players,Bruce,Brown,PG,23,193,202,8,67,1.3,1.8,0.74,6,0.53,1.7,0.32,1,30,3.2,70,2.6,57,69,1,0.5,71,,,,,,

players,Brandon,Knight,SG,28,188,182,8,65,2.6,2.6,0.78,8.6,0.45,5.1,0.37,0.6,61,2,70,3.4,75,67,0.7,0.3,79,,,,,,

players,Donta,Hall,PF,22,206,229,8,61,1.3,2,0.81,3.7,0.47,0.20,0.20,1.3,16,4.4,36,1.1,65,65,0.6,0.6,59,R,,,,,

players,John,Henson,C,29,206,219,8,72,1.2,1.3,0.78,5,0.64,0.20,0.20,2,49,3.4,30,1,70,65,0.5,1.4,63,PT,,,,,

players,Jordan,McRae,SG,29,196,179,8,57,1,2.3,0.77,6,0.51,3,0.38,0.4,28,3,62,2.5,62,68,0.5,0.4,70,,,,,,

,,,,,,,,,,,,,,,,,,,,,,,,,,,,,,,

,,,,,,,,,,,,,,,,,,,,,,,,,,,,,,,

players,Marquese,Chriss,C,23,206,240,9,67,1.3,2.3,0.77,5.2,0.62,1,0.30,1.2,53,4,69,1.2,60,73,0.7,0.8,74,,,,,,

players,Draymond,Green,PF,29,198,230,9,86,2.2,2.2,0.71,4.7,0.55,3,0.33,1.1,76,6,60,5,78,70,1.4,1.1,81,PT,,,,,

players,Andrew,Wiggins,SF,25,201,197,9,65,2.1,5.4,0.74,13,0.52,3.8,0.34,1.3,68,3.3,90,2.3,59,67,1,0.6,86,SP,,,,,

players,Klay,Thompson,SG,30,198,215,9,78,1.7,2.2,0.83,13,0.50,7.5,0.42,0.4,70,2.3,64,2.3,72,66,0.9,0.5,90,HH,,,,,

players,Stephen,Curry,PG,31,190,190,9,71,3.1,4,0.91,8.9,0.52,8.2,0.44,0.7,94,3.8,81,6.6,80,68,1.7,0.2,92,HH,,,,,

players,Eric,Paschall,SF,23,198,255,9,65,1.6,2.5,0.79,8.3,0.51,1.7,0.30,1.4,48,3.3,46,1.7,65,62,0.6,0.3,71,R,,,,,

players,Kevon,Looney,PF,24,206,222,9,65,0.7,1,0.64,3,0.66,0.4,0.20,1.4,28,2.3,41,1.2,70,59,0.5,0.8,61,,,,,,

players,Damion,Lee,SG,27,196,210,9,62,1,2.2,0.86,4.4,0.50,3.5,0.35,0.6,30,3.2,64,2,71,71,1,0.2,67,,,,,,

players,Ky,Bowman,PG,22,185,187,9,59,1.5,1,0.83,4.7,0.50,2.4,0.32,0.6,27,2.1,62,2.8,74,68,1,0.20,71,R,,,,,

players,Jordan,Poole,SG,20,193,194,9,64,1.2,2,0.82,4.1,0.38,4.8,0.28,0.2,29,2,64,2.1,71,69,0.6,0.2,67,R,,,,,

players,Alen,Smailagic,C,19,208,215,9,62,0.8,1.4,0.84,2,0.60,1,0.25,1,25,1,40,1,91,54,0.2,0.3,64,R,,,,,

,,,,,,,,,,,,,,,,,,,,,,,,,,,,,,,

,,,,,,,,,,,,,,,,,,,,,,,,,,,,,,,

players,PJ,Tucker,PF,34,196,245,10,78,1,1.3,0.77,2.6,0.49,3.4,0.37,1.6,66,4.7,67,1.5,67,68,1.2,0.3,76,,,,,,

players,Robert,Covington,SF,29,201,209,10,80,1.7,2.2,0.80,3.9,0.46,6.6,0.36,1,66,5,67,1.5,72,71,1.7,1,76,,,,,,

players,Danuel,House JR,SF,26,198,220,10,72,0.8,1.6,0.80,2.8,0.52,5,0.38,1.1,24,3.3,64,1.2,69,67,0.7,0.4,62,,,,,,

players,James,Harden,SG,30,196,220,10,69,4,9.4,0.86,10,0.53,10,0.36,0.8,99,4.7,86,6.8,64,66,1.6,0.5,96,HH,,,,,

players,Russell,Westbrook,PG,31,191,220,10,79,4,6.7,0.79,17.3,0.54,3.8,0.30,1.7,100,5.7,100,8.4,62,65,1.8,0.3,92,HH,,,,,

players,Jeff,Green,SF,33,203,235,10,70,2.2,2.6,0.79,5.3,0.44,3.3,0.33,0.8,62,2.8,64,1.4,65,66,0.7,0.5,67,,,,,,

players,DeMarre,Carroll,SF,33,198,215,10,70,0.9,2,0.74,4.1,0.50,3.2,0.36,1,47,4.3,60,1.3,85,75,0.9,0.3,72,,,,,,

players,Ben,McLemore,SF,27,190,195,10,61,1,1.2,0.78,2.6,0.49,5.1,0.38,0.4,42,2,66,1,80,70,0.7,0.3,70,,,,,,

players,Eric,Gordon,SG,31,190,215,10,68,2,3.5,0.77,7,0.47,5.5,0.35,0.3,69,2,74,2.2,80,63,0.8,0.4,84,EX,,,,,

players,Austin,Rivers,PG,27,190,200,10,73,1.1,1.7,0.67,3.7,0.50,3.6,0.35,0.3,41,1.9,57,2,80,63,0.7,0.2,83,PT,,,,,

players,Bruno,Caboclo,SF,24,206,218,10,61,0.6,0.6,0.84,2,0.60,1.5,0.24,1,25,2,53,0.8,70,65,0.4,0.6,68,,,,,,

players,Chris,Clemmons,PG,22,175,180,10,60,0.4,0.5,0.86,1.3,0.46,3.3,0.36,0.1,18,1,50,1.2,80,64,0.2,0.2,83,R,,,,,

players,Tyson,Chandler,C,37,213,235,10,77,1.4,3.2,0.64,5.1,0.60,0,0,3,52,6,42,0.8,75,63,0.5,1.2,68,,,,,,

players,Michael,Frazier,PG,25,190,200,10,54,0.5,0.8,0.67,0.6,0.48,1,0.25,0.1,18,0.3,66,0.1,80,69,0.3,0,83,R,,,,,

players,Thabo,Sefolosha,SF,35,198,215,10,75,1,1,0.73,3.2,0.55,1.7,0.35,0.7,58,3.7,69,1.4,70,65,1.1,0.4,72,,,,,,

,,,,,,,,,,,,,,,,,,,,,,,,,,,,,,,

,,,,,,,,,,,,,,,,,,,,,,,,,,,,,,,

players,Myles,Turner,C,23,211,250,11,77,1.3,3,0.77,5.1,0.61,2.7,0.34,1.4,46,5.3,44,1.2,83,68,0.7,2.1,76,PT,,,,,

players,Domantas,Sabonis,PF,24,211,240,11,65,2,4,0.73,11,0.68,1,0.27,2,52,8,55,3,70,70,0.6,0.4,75,,,,,,

players,TJ,Warren,SF,26,203,220,11,72,1,2.8,0.78,11,0.57,2.5,0.35,1.4,55,2.8,67,1.2,72,67,1,0.5,76,,,,,,

players,Victor,Oladipo,SG,27,193,213,11,78,2.6,3.8,0.80,10.1,0.54,4.4,0.35,0.7,71,4,80,4,75,70,1.7,0.5,87,,,,,,

players,Malcolm,Brogdon,PG,27,196,229,11,65,1.6,2.7,0.89,7.8,0.56,3.8,0.35,0.8,54,3,76,5.7,74,64,1,0.3,72,PT,,,,,

players,Jeremy,Lamb,SG,26,196,180,11,65,1,2.1,0.84,6.4,0.55,3.2,0.34,0.5,49,3.5,70,1.8,65,68,1,0.5,70,,,,,,

players,Justin,Holiday,SF,30,198,180,11,70,0.9,1.2,0.80,2.7,0.42,4.2,0.39,0.4,30,2.6,75,1.5,75,57,1,0.5,77,,,,,,

players,Aaron,Holiday,PG,23,183,185,11,64,1.2,1.5,0.86,4.6,0.43,3.3,0.39,0.4,36,1.7,56,3,80,68,0.7,0.3,66,,,,,,

players,TJ,Leaf,PF,22,208,222,11,61,1.2,3.5,0.62,2.7,0.51,1.2,0.35,1,38,1.6,40,0.5,60,73,0.4,0.4,64,,,,,,

players,Goga,Bitadze,C,20,211,250,11,62,0.5,3.2,0.71,2.6,0.47,1,0.22,0.8,42,1.8,42,0.7,83,71,0.3,1,76,R,,,,,

players,TJ,McConnell,PG,26,185,190,11,65,1.4,0.7,0.80,5.3,0.48,0.7,0.32,0.5,47,2.4,56,4.9,80,68,1.2,0.3,68,,,,,,

players,Doug,McDermott,SF,28,201,225,11,60,0.6,1,0.82,3.7,0.53,4.3,0.42,0.6,44,2.3,70,1,63,68,0.3,0.3,81,,,,,,

players,Edmond,Sumner,SG,24,193,196,11,62,0.8,0.8,0.65,2.4,0.56,1.3,0.29,1,22,1.4,72,0.6,49,63,0.8,0.5,65,,,,,,

,,,,,,,,,,,,,,,,,,,,,,,,,,,,,,,

,,,,,,,,,,,,,,,,,,,,,,,,,,,,,,,

players,Ivica,Zubac,C,22,213,240,12,60,1,1.9,0.75,5.6,0.57,0.7,0.20,2,53,3.8,37,1,60,53,0.4,1,64,,,,,,

players,Marcus,Morris,PF,30,203,218,12,65,1.4,3.5,0.79,7.5,0.46,5,0.41,1.1,69,4,57,1.5,65,68,0.8,0.4,72,,,,,,

players,Kawhi,Leonard,SF,28,201,225,12,90,2.2,5.6,0.87,12.1,0.56,4.7,0.37,1.1,94,5.8,84,4,80,73,1.8,0.7,83,HH,,,,,

players,Paul,George,SG,29,203,220,12,87,2.7,4.5,0.87,9,0.48,7.2,0.39,0.7,92,5.5,92,3.6,75,69,1.5,0.5,87,SP,,,,,.

players,Patrick,Beverley,PG,31,185,180,12,81,1.3,1.1,0.72,3.2,0.50,4.3,0.38,1.3,50,3.8,75,3.7,78,67,1.2,0.6,80,,,,,,

players,Lou,Williams,PG,33,185,175,12,62,2.3,5,0.85,8.6,0.47,4.5,0.35,0.5,67,2.2,72,4.6,73,61,0.8,0.2,83,,,,,,

players,Montrezl,Harrell,C,26,201,240,12,75,1.5,4.6,0.64,10.5,0.72,0.4,0.15,2.2,58,3.8,63,1.5,65,65,0.7,1,80,,,,,,

players,Landry,Shamet,SG,22,193,190,12,60,0.7,1.3,0.87,1.9,0.45,5.6,0.41,0.2,40,1.8,52,1.8,95,79,0.5,0.2,74,,,,,,

players,Jamychal,Green,PF,29,203,227,12,64,1,1.2,0.75,3,0.46,3,0.36,1.6,30,4.6,50,0.8,65,64,0.6,0.4,71,,,,,,

players,Rodney,McGruder,SG,28,193,205,12,68,0.6,0.8,0.60,1.7,0.47,2.2,0.31,0.7,33,2.2,64,1.2,64,56,0.5,0.2,68,,,,,,

players,Patrick,Patterson,PF,30,203,235,12,72,0.9,0.8,0.77,2.2,0.42,2.6,0.37,0.9,48,2.3,54,0.8,70,60,0.3,0.4,88,,,,,,

players,Mfiondu,Kabengele,PF,22,206,250,12,67,1.2,3,0.78,4.1,0.45,3.2,0.34,0.8,18,3.3,36,0.8,65,65,0.5,0.8,68,R,,,,,

players,Reggie,Jackson,PG,29,191,208,12,65,1.7,2,0.92,5.1,0.51,3.9,0.37,0.8,42,2.6,74,4.4,70,65,0.6,0.2,80,,,,,,

players,Joakim,Noah,C,35,211,230,12,70,2.1,3.1,0.70,3.7,0.48,0.10,0.10,1.8,54,4.9,56,2.1,75,60,0.7,1.5,67,,,,,,

,,,,,,,,,,,,,,,,,,,,,,,,,,,,,,,

,,,,,,,,,,,,,,,,,,,,,,,,,,,,,,,

players,JaVale,McGee,C,32,213,270,13,72,1,1.5,0.62,5.2,0.70,0.15,0.15,2,50,3.7,30,0.5,80,56,0.5,1.5,67,,,,,,

players,Anthony,Davis,PF,26,208,253,13,85,2.2,7.7,0.82,15.2,0.68,2.4,0.32,2.4,90,7.5,62,2.7,80,74,1.5,2.5,90,HH,,,,,

players,Lebron,James,SF,35,206,250,13,80,3.7,6.7,0.72,14.3,0.61,5.3,0.34,1.1,100,6.4,91,9,98,71,1.4,0.7,100,HF,,,,,

players,Avery,Bradley,SG,29,190,180,13,76,1.2,1.1,0.79,5.4,0.54,3.4,0.36,0.5,64,2.1,72,1.5,90,63,0.9,0.3,88,,,,,,

players,Rajon,Rondo,PG,34,185,180,13,75,2.3,1.5,0.65,6.1,0.51,2,0.32,0.8,70,3.2,71,6.8,85,70,1.3,0.1,69,CG,,,,,

players,Kyle,Kuzma,PF,24,203,221,13,67,1.7,2.6,0.73,7.4,0.55,5,0.32,1,56,4,62,1.7,68,64,0.5,0.4,72,,,,,,

players,Danny,Green,SG,32,198,215,13,72,1,0.9,0.79,2.4,0.44,5,0.39,0.7,63,2.8,73,1.5,65,68,1.1,0.7,74,,,,,,

players,Dwight,Howard,C,34,208,265,13,72,2,5.6,0.53,7.3,0.72,0.10,0.34,3,68,7,58,1,98,65,0.6,1.5,75,,,,,,

players,Quinn,Cook,PG,26,185,180,13,62,2,1.6,0.72,3.3,0.51,2.1,0.40,0.4,39,2,61,1.6,65,85,1,0.2,67,,,,,,

players,Markieff,Morris,PF,30,203,245,13,64,1.6,2.3,0.78,7.5,0.54,2.4,0.35,1.3,60,4.8,60,1.5,72,61,1,0.6,70,,,,,,

players,Alex,Caruso,PG,24,196,186,13,67,1.9,2.1,0.77,2.8,0.49,1.8,0.36,0.6,63,2.3,80,2.1,70,74,1.1,0.4,78,CG,,,,,

players,Jared,Dudley,SF,34,198,237,13,64,1,1.4,0.73,3.3,0.52,2.5,0.43,1,49,2.7,57,1.8,70,65,1.8,0.3,72,,,,,,

players,Dion,Waiters,SG,28,191,215,13,65,1.8,2.7,0.72,5.2,0.41,4.2,0.35,0.6,55,2.5,62,2.8,68,65,1.2,0.5,68,,,,,,

,,,,,,,,,,,,,,,,,,,,,,,,,,,,,,,

,,,,,,,,,,,,,,,,,,,,,,,,,,,,,,,

players,Jonas,Valanciunas,C,26,211,265,14,70,1.6,3.1,0.78,8.3,0.54,0.9,0.36,2.8,65,7,31,1.3,70,70,0.4,1,67,HH,,,,,

players,Jaren,Jackson JR,PF,20,211,242,14,76,1.7,3.2,0.75,7.2,0.56,4.3,0.39,1.1,73,3.6,57,1.3,75,72,0.8,1.5,85,,,,,,

players,Justise,Winslow,SF,23,198,222,14,72,1.5,1.8,0.65,7.3,0.49,2.3,0.33,1.2,66,4.7,68,3.3,71,70,0.9,0.4,72,,,,,,

players,Dillon,Brooks,SG,24,201,225,14,60,1.5,2.4,0.80,6.9,0.49,4.7,0.37,0.8,40,2.4,65,1.8,60,63,1.8,0.4,75,,,,,,

players,Ja,Morant,PG,20,190,174,14,75,3.2,4.7,0.78,10,0.59,2.5,0.36,0.7,69,2.8,80,7,72,75,0.9,0.2,92,R,,,,,

players,Brandon,Clarke,SF,23,203,215,14,75,1.2,2.2,0.79,7.3,0.57,1.2,0.38,1.7,47,4.5,57,1.6,84,68,0.6,1,74,R,,,,,

players,DeAnthony,Melton,SG,25,188,200,14,72,1.5,1.5,0.81,3.9,0.52,2,0.30,0.7,39,2.8,62,3.4,76,64,1.4,0.4,71,,,,,,

players,Tyus,Jones,PG,22,183,196,14,61,0.8,0.9,0.76,4.6,0.53,1.7,0.36,0.2,41,1.4,62,3.9,82,65,1,0.1,67,,,,,,

players,Kyle,Anderson,SF,26,206,230,14,62,0.9,1.2,0.67,3.8,0.58,0.8,0.26,0.8,37,3.4,45,2.1,75,68,1,0.5,63,,,,,,

players,Gorgui,Dieng,C,30,208,252,14,70,1.1,1.6,0.78,5.6,0.64,1.7,0.34,1.6,42,4.3,50,1.1,57,67,1.1,1.1,90,,,,,,

players,Josh,Jackson,SG,23,203,207,14,67,2,2.7,0.71,8.2,0.60,2.8,0.30,1,41,3.2,65,1.6,54,63,1,0.6,74,,,,,,

players,Grayson,Allen,SG,24,193,198,14,61,0.8,1.3,0.81,2.6,0.50,2.9,0.35,0.3,37,1.6,59,1.2,63,67,0.3,0.3,71,,,,,,

players,Anthony,Tolliver,PF,34,201,240,14,60,1.2,1.7,0.77,2.6,0.42,3.8,0.37,1.2,41,3.1,55,1.6,64,62,0.6,0.4,67,,,,,,

,,,,,,,,,,,,,,,,,,,,,,,,,,,,,,,

players,Meyers,Leonard,C,28,213,260,15,60,0.7,0.7,0.73,2.6,0.56,2.1,0.40,0.7,47,3.8,38,1,65,69,0.3,0.5,62,,,,,,

players,Bam,Adebayo,C,22,206,255,15,78,2.2,4.3,0.70,8.7,0.64,0.2,0.20,2.3,58,6.8,58,4,74,71,1,1.1,73,,,,,,

players,Duncan,Robinson,SF,25,201,215,15,60,0.8,1.1,0.89,1.4,0.48,6.4,0.45,0.2,40,2.8,65,1.3,70,64,0.5,0.2,75,,,,,,

players,Jimmy,Butler,SG,30,201,230,15,80,1.9,7.6,0.83,10.3,0.57,2.4,0.28,1.7,82,4,80,4.9,80,70,1.6,0.5,90,,,,,,

players,Kendrick,Nunn,PG,24,188,190,15,72,1.6,1.6,0.84,8.1,0.55,5.7,0.36,0.3,47,2.7,64,3.5,70,68,1,0.2,79,R,,,,,

players,Goran,Dragic,PG,33,191,190,15,67,2.3,3.7,0.76,9.1,0.56,4.5,0.37,0.5,62,2.4,60,4.9,70,62,0.8,0.2,78,CG,,,,,

players,Tyler,Herro,SG,20,196,195,15,70,1.6,1.8,0.84,6,0.43,5.5,0.40,0.3,52,4,64,2,76,72,0.6,0.2,76,R,,,,,

players,Andre,Iguodala,SG,36,198,215,15,73,1.6,2,0.70,5.4,0.56,2.3,0.34,1,70,3.5,65,3.7,70,62,1.2,0.5,80,PT,,,,,

players,Jae,Crowder,PF,29,198,235,15,69,1.1,2,0.78,3.5,0.49,5.2,0.39,0.8,53,5.1,62,2.1,67,66,1,0.3,75,,,,,,

players,Derrick,Jones JR,SF,23,198,210,15,63,0.9,2,0.75,4.7,0.59,1.9,0.28,1.2,52,2.6,85,0.8,65,70,0.9,0.6,77,,,,,,

players,Kelly,Olynyk,PF,28,211,240,15,64,1.2,1.6,0.80,3.4,0.52,3.1,0.40,0.9,38,3.8,43,1.7,75,68,0.7,0.4,73,IH,,,,,

players,Chris,Silva,PF,23,203,234,15,67,2.4,1.6,0.70,2.3,0.62,0.10,0.10,1.6,20,2,47,0.6,75,64,0.3,0.7,58,R,,,,,

players,Solomon,Hill,SF,28,198,226,15,59,0.9,1.3,0.80,2.7,0.45,2.4,0.34,0.7,49,2.6,60,1.6,60,62,0.7,0.2,73,,,,,,

players,Udonis,Haslem,PF,39,203,235,15,64,0.9,2,0.79,6.2,0.48,0.10,0.10,2,30,4.8,39,0.9,70,55,0.5,0.3,56,,,,,,

,,,,,,,,,,,,,,,,,,,,,,,,,,,,,,,

,,,,,,,,,,,,,,,,,,,,,,,,,,,,,,,

players,Brook,Lopez,C,31,213,282,16,69,1.4,3,0.81,8.9,0.62,3.3,0.31,1.4,64,4,42,1.5,65,68,0.6,2.1,76,,,,,,

players,Giannis,Antetokounmpo,PF,25,211,242,16,86,3.3,8.3,0.68,13.3,0.71,3.4,0.30,2,98,9.4,91,5.2,74,81,1.1,1.2,98,HH,,,,,

players,Khris,Middleton,SF,28,201,222,16,71,2,3.3,0.89,9.1,0.51,4.9,0.42,0.7,62,4.7,70,3.7,67,67,1.1,0.2,75,,,,,,

players,George,Hill,PG,33,190,188,16,68,1.1,2.1,0.82,4.4,0.52,3.1,0.43,0.7,70,2.3,78,3,70,69,1,0.3,84,,,,,,

players,Pat,Connaughton,SF,27,196,209,16,62,1.5,1.2,0.73,2.3,0.54,2.2,0.34,0.7,36,2.7,70,1.4,63,67,0.3,0.3,68,,,,,,

players,Ersan,Ilyasova,PF,32,206,235,16,63,0.8,1.7,0.80,5.4,0.53,2.6,0.37,1.4,43,4,57,1.1,65,65,0.6,0.4,65,IH,,,,,

players,Kyle,Korver,SG,38,201,212,16,60,1,1,0.86,2.3,0.46,4.3,0.49,0.3,60,2.3,62,1.3,70,59,0.6,0.3,79,,,,,,

players,Marvin,Williams,PF,33,203,237,16,61,0.8,1.8,0.83,4.4,0.48,2.8,0.42,0.8,50,3.1,61,1.2,80,62,0.7,0.5,82,,,,,,

players,Sterling,Brown,SG,25,196,219,16,63,0.8,0.8,0.77,2.7,0.50,2.3,0.33,0.6,38,2.9,54,1,66,70,0.5,0.2,73,,,,,,

players,DJ,Wilson,PF,24,208,231,16,55,0.5,0.8,0.63,2.2,0.49,1.8,0.33,0.6,24,2.4,43,0.8,72,62,0.2,0.3,66,,,,,,

players,Donte,DiVincenzo,SG,23,193,203,16,63,2,1.4,0.78,3.5,0.56,3.3,0.33,1,48,3.5,64,2.2,80,68,1.3,0.3,73,,,,,,

players,Eric,Bledsoe,PG,30,185,214,16,78,2.5,3.6,0.81,8.1,0.56,3.4,0.34,0.8,68,3.6,79,5.1,75,69,1.3,0.5,80,HH,,,,,

players,Robin,Lopez,C,31,213,281,16,69,1,1.4,0.64,4.5,0.57,1.6,0.33,1.6,55,2.6,48,0.8,70,64,0.2,1,70,,,,,,

players,Wesley,Matthews,SG,33,193,220,16,72,1,1.8,0.79,6.3,0.46,4.9,0.38,0.5,65,2.1,70,1.8,80,62,0.8,0.2,84,,,,,,

,,,,,,,,,,,,,,,,,,,,,,,,,,,,,,,

,,,,,,,,,,,,,,,,,,,,,,,,,,,,,,,

players,Karl-Anthony,Towns,C,23,211,248,17,71,2.8,5.6,0.80,9.9,0.62,5.6,0.41,3,75,8.3,58,3.6,62,73,0.9,1.3,88,HH,,,,,

players,Juan,Hernangomez,PF,24,206,214,17,65,0.9,1.8,0.70,8.8,0.49,3.3,0.38,1.4,37,3.5,40,1,86,73,0.9,0.3,70,,,,,,

players,Josh,Okogie,SF,21,193,213,17,70,1.2,2.8,0.77,4,0.52,2.6,0.28,1.2,43,2.8,61,1.5,72,67,1.2,0.5,76,,,,,,

players,Jarrett,Culver,SG,21,198,195,17,63,1.3,2.3,0.78,5.5,0.49,3.6,0.32,1.1,35,2.4,69,2.1,70,79,0.8,0.3,80,R,,,,,

players,DAngelo,Russell,PG,24,193,193,17,63,3.1,4.4,0.83,9.7,0.50,9.7,0.38,0.7,80,3.8,80,6.9,71,70,1.2,0.4,85,SP,,,,,

players,James,Johnson,PF,33,201,240,17,67,1.8,2.1,0.68,6.9,0.54,2.7,0.34,1,46,3.2,60,2.7,65,61,1,1,73,,,,,,

players,Jordan,McLaughlin,PG,23,180,185,17,69,1.2,1.4,0.72,3.1,0.52,2.6,0.40,0.4,35,1.8,68,4.3,70,69,1.3,0.2,75,R,,,,,

players,Malik,Beasley,SG,23,195,187,17,66,1.3,1.7,0.81,14.3,0.45,7.3,0.39,0.8,48,4.3,73,2.1,68,75,0.8,0.2,76,,,,,,

players,Kelan,Martin,SF,24,196,230,17,55,1.2,1.2,0.80,3.2,0.46,3.3,0.28,0.7,32,2.7,60,0.9,52,63,0.5,0.4,71,R,,,,,

players,Jacob,Evans,PG,22,193,210,17,56,0.7,1.3,0.84,3.7,0.37,2.9,0.32,0.6,30,1.5,64,1.4,74,68,0.5,0.3,72,,,,,,

players,Naz,Reid,C,20,217.9,264,17,62,1,2.2,0.69,4.7,0.50,3.5,0.35,1,28,2.5,50,1.1,96,63,0.5,0.8,62,R,,,,,

players,Jake,Layman,SF,25,203,209,17,59,1.2,1,0.70,4.1,0.60,3.6,0.35,0.7,40,2.1,53,0.7,69,60,0.6,0.5,66,,,,,,

,,,,,,,,,,,,,,,,,,,,,,,,,,,,,,,

,,,,,,,,,,,,,,,,,,,,,,,,,,,,,,,

players,Derrick,Favors,C,28,206,265,18,68,1.3,2.2,0.64,6.7,0.71,0.1,0.16,3.2,53,6.8,36,1.7,75,70,0.6,1,70,HH,,,,,

players,Zion,Williamson,PF,19,198,284,18,70,2.8,8.2,0.67,14.6,0.66,1.2,0.38,2.8,80,4,85,2.4,80,78,0.9,0.5,73,R,,,,,

players,Brandon,Ingram,SF,22,201,190,18,66,3.1,6.1,0.86,11.7,0.57,6.3,0.40,0.8,68,5.4,66,4.3,86,72,1,0.7,86,,,,,,

players,Jrue,Holiday,SG,29,190,205,18,80,2.9,2.9,0.71,11.1,0.53,5.8,0.36,1.2,72,3.5,80,6.8,75,70,1.7,0.8,84,PT,,,,,

players,Lonzo,Ball,PG,22,198,190,18,76,2.8,1.4,0.60,4.7,0.43,6.3,0.37,1.2,70,5,71,7,74,69,1.4,0.5,73,,,,,,

players,Josh,Hart,SG,24,196,215,18,64,1.4,1.8,0.74,3,0.50,5.7,0.36,1,58,5.5,62,2,77,63,1,0.4,72,,,,,,

players,Jahlil,Okafor,C,24,208,270,18,60,1.3,2.1,0.67,5.1,0.70,0.10,0.23,1.6,48,2.6,40,1.3,55,70,0.5,1,67,PT,,,,,

players,Frank,Jackson,PG,21,190,205,18,50,2.3,4.3,0.75,6.3,0.51,3.4,0.32,0.6,34,2.3,61,2.4,84,64,0.7,0.3,80,,,,,,

players,Etwaun,Moore,SF,30,191,191,18,61,1.3,1.6,0.70,5.7,0.50,3.7,0.40,0.6,44,2.3,68,1.8,75,67,0.7,0.3,73,,,,,,

players,JJ,Redick,SG,35,191,200,18,65,1.2,3,0.90,4.3,0.48,6.6,0.45,0.5,67,2.6,68,2,72,65,0.6,0.2,83,,,,,,

players,Kenrich,Willams,SF,25,198,210,18,62,1.4,1.4,0.62,3.6,0.42,3,0.29,1.5,30,4.4,50,1.8,65,65,1,0.7,70,,,,,,

players,Jaxson,Hayes,C,19,211,220,18,68,1,3.4,0.67,4.5,0.67,0.10,0.25,1.7,40,2.8,46,1.1,65,68,0.6,1.3,64,R,,,,,

players,Nickeil,A-Walkner,SG,21,196,205,18,64,2.6,1.6,0.72,3.4,0.42,3.5,0.37,0.3,30,2,67,2,76,71,0.6,0.3,72,R,,,,,

players,Darius,Miller,SF,29,198,225,18,79,1,1.3,0.80,2.4,0.43,5.5,0.38,0.4,42,2.7,62,2.1,70,60,0.8,0.4,73,,,,,,

players,Nicolo,Melli,PF,29,206,236,18,59,1.4,1.2,0.77,2.2,0.54,3.6,0.40,1.5,37,2.8,41,1.4,96,62,0.6,0.4,68,R,,,,,

,,,,,,,,,,,,,,,,,,,,,,,,,,,,,,,

,,,,,,,,,,,,,,,,,,,,,,,,,,,,,,,

players,Mitchell,Robinson,C,21,213,240,19,82,0.8,2.5,0.60,6,0.75,0,0,3.3,50,5.6,52,0.7,70,76,1,2.2,76,HH,,,,,

players,Julius,Randle,PF,25,203,250,19,64,2.5,6.2,0.73,12,0.64,3.2,0.32,2.3,62,6.9,54,3.2,71,70,0.8,0.5,79,HH,,,,,

players,Kevin,Knox,SF,20,201,215,19,66,1.1,2.5,0.70,3.4,0.40,4.1,0.34,0.8,48,3.1,68,1.4,65,65,0.6,0.3,73,,,,,,

players,RJ,Barrett,SG,19,198,214,19,62,2.2,4.7,0.64,9.6,0.48,3.5,0.34,1,46,4.1,62,2.8,78,78,1,0.4,75,R,,,,,

players,Elfrid,Payton,PG,26,191,195,19,73,2.4,2.4,0.63,8.2,0.61,2,0.26,1.1,59,3.4,67,6.8,65,67,1.4,0.4,76,PT,,,,,

players,Taj,Gibson,PF,33,206,232,19,67,1.2,2.2,0.71,7.5,0.59,0.2,0.25,2.3,45,4,46,1,75,60,0.6,1,69,,,,,,

players,Maurice,Harkless,SF,25,201,220,19,62,0.9,1.7,0.63,4.1,0.62,2.2,0.35,1.3,35,2.6,59,1.1,70,70,1,0.8,68,,,,,,

players,Wayne,Ellington,SG,32,193,207,19,58,0.7,1,0.84,3.7,0.43,5.1,0.37,0.3,42,2.2,64,1.1,64,63,0.5,0.2,73,,,,,,

players,Frank,Ntilikina,PG,21,193,200,19,74,1.7,1.2,0.81,3.7,0.46,2.5,0.32,0.5,40,2.7,63,3.9,79,67,0.9,0.3,75,,,,,,

players,Bobby,Portis,C,25,208,250,19,60,1.1,1.5,0.76,6.4,0.46,2.6,0.35,1.8,45,4.2,47,1.4,83,65,0.5,0.4,63,,,,,,

players,Dennis,Smith Jr,PG,22,188,205,19,53,2.6,2.8,0.68,8.2,0.42,3.9,0.32,0.8,63,2.5,88,4.7,74,68,1.1,0.4,81,,,,,,

players,Reggie,Bullock,SF,28,198,205,19,57,1,0.9,0.83,2.5,0.45,3.5,0.39,0.5,30,2,57,1.4,67,57,0.7,0.2,66,,,,,,

players,Damyean,Dotson,SG,25,196,210,19,58,1.3,1.5,0.75,5.2,0.48,5,0.38,0.6,36,3.2,54,2.1,70,64,0.8,0.2,67,,,,,,

players,Alonzo,Trier,SG,24,193,200,19,61,1.6,3.1,0.80,5,0.53,2.1,0.39,0.4,57,2.4,62,2.2,80,66,0.6,0.2,74,,,,,,

,,,,,,,,,,,,,,,,,,,,,,,,,,,,,,,

,,,,,,,,,,,,,,,,,,,,,,,,,,,,,,,

players,Steven,Adams,C,26,211,265,20,77,1.7,3.2,0.60,9.2,0.64,0.10,0.10,1.6,64,5.3,49,2.1,66,65,1.2,1.1,74,,,,,,

players,Danilo,Gallinari,PF,31,208,233,20,63,1.4,5.4,0.90,6.8,0.46,6.4,0.42,0.9,64,5.1,56,2.3,70,66,0.7,0.2,85,,,,,,

players,Terrance,Ferguson,SF,21,198,190,20,64,0.8,1.3,0.78,1.7,0.42,3.5,0.33,0.5,40,1.3,83,1,72,79,0.5,0.3,77,,,,,,

players,Shai,G-Alexander,SG,21,196,180,20,75,2.2,4.1,0.80,11.4,0.47,3.5,0.35,0.7,61,5.6,70,3.8,75,74,1.2,0.6,80,PT,,,,,

players,Chris,Paul,PG,34,185,175,20,80,2.4,4.4,0.90,8.2,0.48,4.5,0.36,0.4,87,4.6,80,8.2,85,70,1.5,0.1,84,CG,,,,,

players,Nerlens,Noel,C,25,208,220,20,74,1.4,2.2,0.65,6.2,0.55,0.10,0.30,2,42,4.6,34,1.2,84,66,1.3,1.4,63,,,,,,

players,Dennis,Schroeder,PG,26,185,172,20,62,2.4,3.5,0.84,9.8,0.44,5.1,0.37,0.4,58,2.9,68,4.7,63,75,0.8,0.2,72,HH,,,,,

players,Mike,Muscala,PF,28,208,240,20,60,0.7,1.6,0.82,1.4,0.44,2.6,0.36,1.4,35,3.2,50,1.3,75,63,0.4,0.5,68,,,,,,

players,Hamidou,Diallo,SG,21,196,202,20,65,1.3,1.7,0.65,4.9,0.46,1.2,0.30,0.8,42,2.5,77,0.8,70,63,0.8,0.3,71,,,,,,

players,Andre,Roberson,SF,28,201,210,20,83,0.8,0.9,0.52,3.7,0.48,1.4,0.25,1.5,54,2.8,64,1.3,70,67,1.2,1.1,76,,,,,,

players,Luguentz,Dort,SG,20,190,215,20,57,1.5,1.3,0.80,3.2,0.42,2.6,0.30,0.6,35,1.5,50,1,68,69,0.8,0.2,70,R,,,,,

players,Abdel,Nader,SF,26,196,225,20,61,0.8,1.4,0.76,3.2,0.46,2.2,0.36,0.4,41,2,65,0.8,78,59,0.4,0.4,65,,,,,,

players,Darius,Bazley,SF,22,203,208,20,54,1.6,1.6,0.70,2.8,0.40,2.2,0.30,0.5,30,3.5,56,0.7,68,69,0.4,0.7,70,R,,,,,

,,,,,,,,,,,,,,,,,,,,,,,,,,,,,,,

,,,,,,,,,,,,,,,,,,,,,,,,,,,,,,,

players,Nikola,Vucevic,C,29,211,260,21,66,1.9,2.6,0.78,12.1,0.47,4.8,0.33,2.5,63,8.3,30,3.6,64,72,0.9,0.9,71,,,,,,

players,Jonathan,Isaac,PF,22,211,230,21,73,1.5,2.6,0.77,7.5,0.47,3,0.33,2.1,39,5.4,53,1.6,79,65,1.6,2.4,73,,,,,,

players,Aaron,Gordon,SF,24,203,235,21,64,1.8,3.3,0.70,8.7,0.44,4.2,0.33,1.8,70,5.8,80,3.6,70,70,0.8,0.7,70,SP,,,,,

players,Evan,Fournier,SG,27,201,205,21,62,2,3.4,0.82,7.6,0.47,6.7,0.40,0.5,65,2.3,67,3.4,68,68,1,0.3,81,,,,,,

players,Markelle,Fultz,PG,21,190,209,21,70,2.1,2.2,0.74,8.5,0.45,1.9,0.36,0.7,59,3.2,72,5.2,68,72,1.3,0.3,75,,,,,,

players,Terrence,Ross,SG,29,198,206,21,65,1.2,2.6,0.85,5,0.40,7.2,0.34,0.4,51,3.3,82,1.2,65,65,1.1,0.4,83,,,,,,

players,DJ,Augustine,PG,32,180,183,21,55,1.5,3,0.88,4.6,0.38,3.5,0.33,0.4,48,2.2,59,4.6,69,60,0.6,0.3,65,,,,,,

players,Al-Farouq,Aminu,PF,29,203,220,21,70,1.2,1.9,0.75,3.4,0.32,2.6,0.29,1.3,44,3.5,53,1.4,65,61,1,0.5,68,PT,,,,,

players,Khem,Birch,C,27,206,233,21,63,1.8,2.4,0.65,3.3,0.55,0.10,0.10,2,26,3.3,35,1.2,70,65,0.5,0.7,61,,,,,,

players,Wesley,Iwundu,SF,25,198,195,21,65,1.2,2.3,0.82,4.5,0.40,1.8,0.33,0.8,27,2.5,63,1.4,75,64,0.8,0.4,66,,,,,,

players,Mo,Bamba,C,21,213,231,21,76,2.8,1.7,0.66,5.7,0.48,2,0.34,1.7,30,4.6,32,1.2,63,73,0.4,2.2,63,,,,,,

players,James,Ennis III,SF,29,198,215,21,65,1.3,1.8,0.80,5.2,0.44,2.6,0.35,1,38,2.4,54,1.3,62,64,0.7,0.4,65,,,,,,

players,Michael,Carter-Williams,PG,27,196,190,21,70,2.4,3.1,0.71,7.5,0.41,1.8,0.26,1.1,40,3.5,52,4.4,80,64,1.3,0.5,65,,,,,,

players,Melvin,Frazier JR,SG,23,196,215,21,64,2.4,1.4,0.66,4.2,0.38,1.5,0.33,0.7,20,1.1,54,1.4,62,65,0.7,0.2,70,,,,,,

,,,,,,,,,,,,,,,,,,,,,,,,,,,,,,,

,,,,,,,,,,,,,,,,,,,,,,,,,,,,,,,

players,Joel,Embiid,C,25,213,280,22,78,3.7,9.3,0.82,12.3,0.47,3.9,0.34,2.6,80,9.1,57,3.4,62,72,0.9,2,76,,,,,,

players,Al,Horford,PF,33,206,240,22,80,1.6,2.2,0.76,9.8,0.46,4.3,0.33,2.1,67,5.7,44,3.5,64,64,0.9,1.2,79,,,,,,

players,Tobias,Harris,SF,27,203,226,22,68,1.4,3.2,0.82,11,0.47,5,0.35,1,62,6.4,63,3,75,68,0.6,0.4,75,,,,,,

players,Josh,Richardson,SG,26,196,200,22,73,1.7,2.8,0.82,7.6,0.43,5.4,0.33,0.9,57,2.7,75,3.6,94,70,1.1,0.7,79,,,,,,

players,Ben,Simmons,PG,23,208,240,22,76,3.5,5.3,0.62,11.4,0.59,0.10,0.23,2.2,76,6.4,70,8.2,84,76,1.9,0.8,73,,,,,,

players,Glenn,Robinson III,SF,25,198,222,22,62,1.5,2,0.83,5.6,0.46,3.4,0.37,0.9,38,2.3,82,1.6,69,68,1,0.4,67,,,,,,

players,Mike,Scott,PF,31,201,237,22,63,0.8,2,0.82,7,0.46,4.3,0.37,1.2,40,3.3,50,1.2,75,60,0.6,0.2,59,,,,,,

players,Furkan,Korkmaz,SG,22,201,202,22,60,1.2,1.8,0.78,4.8,0.42,8,0.38,0.4,43,2.7,64,2,80,66,0.8,0.2,74,,,,,,

players,Kyle,OQuinn,C,29,206,250,22,64,1.4,1.6,0.74,4,0.49,1.5,0.31,2.1,44,4.8,49,2.2,70,65,0.4,1.5,66,,,,,,

players,Raul,Neto,PG,27,185,180,22,64,1.4,1,0.82,3.8,0.44,2.5,0.37,0.4,30,1.6,70,3,59,68,0.8,0.2,67,,,,,,

players,Alec,Burks,SF,28,198,214,22,65,1.1,4.5,0.85,8.7,0.38,8.2,0.30,0.7,49,5,63,2.8,70,66,0.9,0.2,79,,,,,,

players,Mattise,Thybule,SF,23,196,201,22,77,1.4,1.4,0.65,3.2,0.40,4.6,0.36,1,36,1.5,74,2.1,80,70,2.3,1,74,R,,,,,

players,Shake,Milton,SG,23,196,205,22,61,1.6,1.8,0.77,5.7,0.50,6,0.46,0.4,34,3.6,62,3.5,65,67,0.8,0.3,69,,,,,,

players,Norvel,Pelle,PF,27,208,231,22,59,1.2,1,0.70,3.2,0.51,0.10,0.20,1.2,31,4.2,50,0.6,70,64,0.2,1.8,61,R,,,,,

,,,,,,,,,,,,,,,,,,,,,,,,,,,,,,,

,,,,,,,,,,,,,,,,,,,,,,,,,,,,,,,

players,Aron,Baynes,C,31,208,260,23,70,1.6,2.4,0.75,9.2,0.50,3.7,0.33,2.6,56,6.8,44,2.6,70,67,0.4,0.8,64,IH,,,,,

players,DeAndre,Ayton,PF,21,211,250,23,72,2.7,4.9,0.76,15.4,0.55,0.1,0.10,3.7,61,7.5,52,3.3,64,74,1.2,2.2,68,,,,,,

players,Kelly,Oubre Jr,SF,24,201,203,23,73,2.2,8.1,0.78,9.3,0.45,5.5,0.36,1.8,62,6.2,72,1.7,72,72,2,1.1,74,,,,,,

players,Devin,Booker,SG,23,206,206,23,67,3.7,7.8,0.89,12.3,0.49,5.9,0.36,0.7,82,4.1,69,6.6,70,79,1.1,0.4,90,SP,,,,,

players,Ricky,Rubio,PG,29,191,190,23,72,2.7,3.7,0.84,7.7,0.41,3.4,0.33,0.6,58,3.4,81,8.8,85,68,1.4,0.2,82,CG,,,,,

players,Dario,Saric,PF,25,208,225,23,60,1.6,2.2,0.86,8,0.45,3.6,0.32,1.5,40,4.5,46,2.3,77,65,1.2,0.3,68,,,,,,

players,Mikal,Bridges,SF,23,198,209,23,72,2,2.4,0.82,7,0.47,4.3,0.35,1.2,40,4.6,69,2.6,75,69,1.8,0.7,70,,,,,,

players,Frank,Kaminsky,PF,26,213,240,23,64,1.5,5.1,0.70,9.6,0.46,4.1,0.35,1.3,53,5.3,43,3.8,66,67,0.6,0.5,68,,,,,,

players,Jevon,Carter,PG,24,185,200,23,68,1.4,2.7,0.80,3.6,0.36,3.8,0.38,0.6,32,2.1,56,3.1,65,70,1.2,0.4,67,,,,,,

players,Cameron,Johnson,SF,24,203,210,23,64,1.2,1.4,0.77,3.2,0.42,8.2,0.40,1.3,42,3.5,54,1.8,67,67,0.9,0.4,80,R,,,,,

players,Cheick,Diallo,C,23,203,219,23,60,1.4,1.7,0.78,5.7,0.63,0.10,0.25,1.4,33,4.5,40,0.9,70,64,0.3,0.5,59,,,,,,

players,Elie,Okobo,PG,23,190,190,23,65,1.4,2.2,0.76,2.8,0.34,2.4,0.34,0.4,39,2.6,58,4.1,65,71,0.7,0.2,65,,,,,,

players,Ty,Jerome,PG,23,196,195,23,68,1.3,1.2,0.79,3.8,0.35,3,0.27,0.2,31,2.2,57,2.8,65,73,1,0.2,66,R,,,,,

players,Jalen,Lecque,PG,19,193,185,23,62,1.1,1.6,0.84,2.8,0.40,1,0.20,0.3,25,2.6,72,2.7,72,70,0.6,0.3,73,,,,,,

,,,,,,,,,,,,,,,,,,,,,,,,,,,,,,,

,,,,,,,,,,,,,,,,,,,,,,,,,,,,,,,

players,Hassan,Whiteside,C,30,213,265,24,75,2.5,4.6,0.71,11,0.62,0.10,0.32,4,58,10.3,53,1.3,55,67,0.7,2.5,72,HH,,,,,

players,Carmelo,Anthony,PF,35,203,238,24,69,2.2,3.8,0.82,9.8,0.43,4,0.36,1.4,85,5.3,70,2.6,95,70,1,0.6,75,EX,,,,,

players,Trevor,Ariza,SF,34,203,215,24,75,1.3,2.1,0.78,2.6,0.40,4.4,0.39,0.8,65,3.9,68,2.2,70,68,1.4,0.2,84,,,,,,

players,CJ,McCollum,SG,28,190,190,24,67,2.1,2.6,0.79,12.2,0.45,6.9,0.38,0.6,86,3.2,80,4.1,67,72,1.1,0.7,90,HH,,,,,

players,Damian,Lillard,PG,29,188,195,24,68,2.8,7,0.90,10.3,0.46,9,0.40,0.8,93,3.7,93,7.1,80,74,1.2,0.3,90,HH,,,,,

players,Jusuf,Nurkic,C,25,213,290,24,72,2.7,4.7,0.71,10.2,0.51,0.4,0.10,2.9,50,6.3,35,2.5,62,68,0.9,1.3,68,,,,,,

players,Rodney,Hood,SF,27,203,208,24,65,1.3,2.1,0.80,7.4,0.46,3.7,0.46,0.8,50,4.7,74,1.8,57,68,1.2,0.4,75,,,,,,

players,Mario,Hezonja,SF,25,203,220,24,66,1.4,1.4,0.82,4.2,0.41,2,0.32,0.5,52,3.2,65,1.3,63,70,1.2,0.3,71,,,,,,

players,Gary,Trent JR,SG,22,196,209,24,64,0.7,1.3,0.77,5.2,0.42,3.8,0.40,0.4,34,2.7,64,1.2,70,68,0.7,0.3,68,EX,,,,,

players,Anfernee,Simmons,PG,20,190,179,24,62,1.3,2.5,0.79,8.2,0.40,5.7,0.35,0.5,38,1.9,74,2.8,63,72,0.5,0.2,70,,,,,,

players,Nassir,Little,SF,23,196,220,24,70,1.2,2.6,0.75,4.7,0.44,2.7,0.30,0.8,40,2.9,65,2.2,74,74,0.6,0.6,80,R,,,,,

players,Zach,Collins,PF,22,211,250,24,67,2,2.8,0.75,7.4,0.45,2.3,0.39,1.1,47,3.8,53,1.6,79,68,0.4,0.9,67,,,,,,

players,Caleb,Swanigan,C,22,206,260,24,67,1.5,2.2,0.68,4.3,0.44,0.20,0.20,1.2,30,4.7,50,2.6,75,72,0.4,0.4,64,,,,,,

players,Jaylen,Hoard,SF,20,203,215,24,59,1.8,2.7,0.70,4.7,0.43,1.6,0.30,1,30,2.6,64,2.1,86,68,0.4,0.3,70,R,,,,,

,,,,,,,,,,,,,,,,,,,,,,,,,,,,,,,

,,,,,,,,,,,,,,,,,,,,,,,,,,,,,,,

players,Richaun,Holmes,C,26,208,235,25,71,1.5,2.8,0.82,8.5,0.60,0.15,0.30,3.1,52,5.7,49,1.4,65,68,1.1,1.4,65,,,,,,

players,Marvin,Bagley III,PF,20,211,235,25,67,1.6,4.4,0.72,11.1,0.47,2.8,0.32,2.3,59,5.2,67,1.4,50,72,0.7,1.2,74,,,,,,

players,Harrison,Barnes,SF,27,203,225,25,70,1.5,3.9,0.81,7.9,0.48,3.9,0.38,1.3,70,4.9,70,2,80,71,0.7,0.3,86,PT,,,,,

players,Buddy,Hield,SG,27,194,220,25,68,2.1,2.3,0.86,7.1,0.43,9.2,0.40,1.1,60,3.8,64,2.7,62,72,1.1,0.4,80,,,,,,

players,De'Aaron,Fox,PG,22,190,185,25,75,3.2,6.7,0.70,11.3,0.48,3.4,0.33,0.7,68,4.3,92,6.7,64,75,1.4,0.6,84,,,,,,

players,Bogdan,Bogdanovic,SF,27,198,220,25,63,1.7,2.2,0.81,9.2,0.43,7.1,0.37,0.4,62,3.4,68,3.4,58,65,1.2,0.3,72,IH,,,,,

players,Cory,Joseph,PG,28,190,200,25,73,1.4,2.4,0.82,6.9,0.43,3.7,0.36,0.6,47,2.5,70,3.4,67,68,0.9,0.3,74,,,,,,

players,Nemanja,Bjelica,PF,31,208,234,25,64,1.7,1.6,0.78,5.4,0.48,4.7,0.44,1.7,62,5.3,56,3.1,90,67,1.1,0.5,65,,,,,,

players,Kent,Bazemore,SF,30,193,195,25,72,1.6,4.1,0.74,5.7,0.42,3.3,0.38,0.6,40,4.7,52,1.9,97,66,1.5,0.7,72,PT,,,,,

players,Alex,Len,C,26,213,250,25,69,1.4,2.7,0.68,6.4,0.63,0.6,0.33,2.3,42,4.8,34,1.1,61,67,0.7,1.2,63,,,,,,

players,Yogi,Ferrell,PG,26,183,178,25,62,1.3,1.4,0.88,4.2,0.40,2.9,0.36,0.4,44,1.7,75,2.5,88,62,0.5,0.3,82,,,,,,

players,Justin,James,SG,23,201,190,25,58,1.8,2.3,0.70,3.1,0.43,2,0.35,0.3,20,1.5,50,1,70,70,0.3,0.4,74,R,,,,,

players,Jabari,Parker,PF,24,203,245,25,66,2.1,3.6,0.75,8.7,0.50,2.7,0.33,1.6,64,5.4,66,2.7,74,70,1.5,0.8,76,HH,,,,,

players,Harry,Giles,C,21,211,240,25,65,1.8,2.6,0.70,6.7,0.53,0.7,0.15,1.4,40,3.7,50,1.8,81,65,0.7,0.7,72,,,,,,

players,DaQuan,Jeffries,SG,20,196,230,25,55,1.2,2.1,0.70,4.2,0.44,1.7,0.27,0.4,15,3.1,59,1.6,62,70,1.1,0.4,65,R,,,,,

,,,,,,,,,,,,,,,,,,,,,,,,,,,,,,,

,,,,,,,,,,,,,,,,,,,,,,,,,,,,,,,

players,Jakob,Poeltl,C,24,216,245,26,64,1.4,2.4,0.56,4.7,0.62,0.05,0.50,2.3,35,4.3,35,2.2,78,70,0.8,2.1,64,,,,,,

players,Lamarcus,Aldridge,PF,34,211,250,26,75,2.3,4.6,0.86,12.2,0.50,2.1,0.40,2.5,74,6.3,57,2.4,75,68,1,2.2,80,,,,,,

players,Demar,DeRozan,SF,30,198,220,26,71,2.5,6.2,0.84,16.5,0.47,2.3,0.30,0.8,80,5.1,81,5.8,75,69,1.1,0.3,84,HH,,,,,

players,Bryn,Forbes,SG,25,188,205,26,65,1.3,2.2,0.80,4.1,0.42,5.5,0.40,0.5,40,2.7,64,2.3,70,66,0.7,0.1,75,,,,,,

players,Dejounte,Murray,PG,23,193,180,26,82,2.4,2.7,0.75,9.1,0.47,2,0.38,1.3,45,5.1,66,4.7,86,72,1.8,0.5,74,,,,,,

players,Rudy,Gay,SF,32,203,250,26,65,1.9,4.2,0.85,6.2,0.45,2.8,0.36,1.1,64,5.1,67,2.2,80,68,1.2,0.7,72,SP,,,,,

players,Patty,Mills,PG,31,185,180,26,64,1.3,1.8,0.86,4.1,0.43,5.6,0.38,0.3,50,2.6,84,3.1,85,73,0.8,0.2,73,EX,,,,,

players,Trey,Lyles,PF,24,206,234,26,66,1.3,1.8,0.71,3.6,0.44,3.3,0.34,1.2,47,6.1,49,1.6,64,65,0.8,0.8,68,,,,,,.

players,Lonnie,Walker IV,SG,21,196,204,26,71,1,1.4,0.74,4.2,0.44,1.7,0.41,0.6,42,2.4,74,1.3,75,70,0.7,0.3,70,,,,,,

players,Derrick,White,PG,25,193,190,26,72,1.5,3,0.86,5.5,0.45,3,0.36,0.6,53,3.4,74,4.2,80,67,1.1,1.1,73,EX,,,,,

players,Marco,Belinelli,SG,33,196,220,26,62,1.3,1.5,0.84,3.4,0.39,3.8,0.36,0.3,59,2,60,2.2,70,64,0.8,0.2,70,,,,,,

players,Keldon,Johnson,SF,20,196,220,26,59,2.1,2.8,0.67,3.6,0.50,2.7,0.40,0.6,30,2.4,62,2.6,67,68,0.5,0.2,72,R,,,,,

players,Chimezie,Metu,C,22,206,225,26,64,2.2,3.4,0.76,3.2,0.57,0.10,0.10,1.1,30,3.2,50,0.9,65,71,0.9,0.7,65,,,,,,

players,Drew,Eubanks,PF,23,206,245,26,62,1.6,2.1,0.78,2.6,0.68,0.10,0.35,0.6,27,2.7,46,1,65,68,0.3,0.6,67,,,,,,

,,,,,,,,,,,,,,,,,,,,,,,,,,,,,,,

,,,,,,,,,,,,,,,,,,,,,,,,,,,,,,,

players,Pascal,Siakam,PF,25,206,230,27,79,2.8,5.7,0.80,13.7,0.46,6,0.37,1.6,70,6.5,70,3.8,70,74,1.3,1.3,75,,,,,,

players,Marc,Gasol,C,35,211,255,27,73,2.1,2.4,0.76,4.7,0.43,3.7,0.40,1.2,68,5.9,58,4.3,75,68,1,1.3,74,IH,,,,,

players,OG,Anunoby,SF,22,201,232,27,70,1.5,1.6,0.70,5.4,0.51,3.8,0.38,1.3,45,4.6,63,1.8,73,68,1.8,0.9,72,,,,,,

players,Patrick,McCaw,SG,24,201,181,27,68,1.6,1.6,0.74,3.2,0.43,2.4,0.34,0.5,40,2,62,2.4,71,65,1.2,0.2,70,,,,,,

players,Kyle,Lowry,PG,33,183,196,27,79,3.1,5.7,0.88,6.4,0.42,7.6,0.36,0.7,88,4.2,80,8.2,75,75,1.3,0.2,85,HH,,,,,

players,Serge,Ibaka,C,30,213,235,27,78,2.1,2.7,0.74,9.2,0.52,3.3,0.39,2.3,65,6.2,62,1.7,65,65,0.7,1.2,74,IH,,,,,

players,Fred,VanVleet,PG,26,185,197,27,72,2.5,3.8,0.85,7.9,0.42,7.2,0.39,0.5,58,2.7,60,6.8,63,70,2.2,0.3,78,EX,,,,,

players,Norman,Powell,SG,26,191,215,27,70,1.7,3.3,0.84,6.9,0.51,5.5,0.40,0.6,50,3.4,70,2.2,65,72,1.5,0.4,74,,,,,,

players,Stanley,Johnson,SF,23,198,242,27,68,1.8,1.8,0.78,4.2,0.38,3,0.30,0.7,38,3.1,62,1.9,66,70,1.2,0.3,68,,,,,,

players,Rondae,Hollis-Jefferson,PF,25,198,217,27,69,1.3,3.3,0.74,7.7,0.45,1.2,0.22,2,50,2.4,64,2.3,62,69,1.2,0.8,73,,,,,,

players,Chris,Boucher,C,27,206,200,27,65,2.1,2.8,0.80,4.4,0.46,2.2,0.30,2,39,3.5,60,0.9,72,67,0.7,1.8,64,,,,,,

players,Malcolm,Miller,SF,27,201,210,27,59,1.5,1.9,0.77,4.9,0.42,1.6,0.40,0.4,33,2.2,50,3.5,59,64,0.3,0.3,66,,,,,,

players,Terence,Davis,SG,22,193,201,27,64,2.3,2.4,0.87,6.5,0.47,3.5,0.40,1.1,30,3.5,58,3,71,67,0.8,0.4,71,R,,,,,

players,Oshae,Brissett,PF,21,201,210,27,59,2,3.8,0.80,3.3,0.38,1.4,0.25,1.2,25,2.7,57,1.2,90,71,0.7,0.2,67,R,,,,,

,,,,,,,,,,,,,,,,,,,,,,,,,,,,,,,

,,,,,,,,,,,,,,,,,,,,,,,,,,,,,,,

players,Rudy,Gobert,C,27,216,258,28,90,2.2,6.4,0.63,8.6,0.67,0.05,0.05,4.2,72,10.2,42,1.8,65,71,1,2.6,75,IH,,,,,

players,Bojan,Bogdanovic,PF,30,203,226,28,68,2.9,4.8,0.90,8.1,0.46,6.8,0.40,0.8,63,3.7,68,2.3,60,63,0.7,0.3,72,IH,,,,,

players,Joe,Ingles,SF,32,201,220,28,73,2.4,1.7,0.78,3.5,0.44,5.5,0.41,0.5,59,4.3,61,6.1,62,71,1.2,0.3,74,PT,,,,,

players,Donovan,Mitchell,SG,23,185,215,28,73,2.8,5.1,0.86,13.2,0.45,6.8,0.36,1,79,4.3,75,4.5,86,73,1.7,0.5,75,,,,,,

players,Mike,Conley,PG,32,185,175,28,74,2.1,4.4,0.82,7.2,0.42,5.5,0.38,0.8,74,3.1,80,5.9,70,68,1.3,0.3,82,HH,,,,,

players,Jordan,Clarkson,SG,27,193,192,28,65,1.8,2.4,0.80,7.3,0.47,6.1,0.38,1.3,61,2.6,80,2.1,66,68,1.3,0.3,80,SP,,,,,

players,Emmanuel,Mudiay,PG,24,191,200,28,68,2.2,2.6,0.76,6,0.44,2.4,0.34,0.8,52,2.8,73,3.5,60,67,0.9,0.4,70,,,,,,

players,Ed,Davis,C,30,206,218,28,63,1.5,2.2,0.62,3.3,0.44,0.1,0.15,2.5,40,4.3,40,1.2,60,63,0.7,1.3,65,,,,,,

players,Royce,ONeale,SF,27,193,226,28,70,1.4,1.4,0.78,2.7,0.44,3.5,0.40,0.4,38,4.2,63,2.8,75,67,1,0.6,65,,,,,,

players,Georges,Niang,SF,26,201,230,28,64,1,1.2,0.84,3.2,0.45,3.3,0.42,0.5,38,2.1,60,1.1,64,65,0.6,0.3,70,,,,,,

players,Rayon,Tucker,SG,22,191,209,28,58,1.8,2.3,0.72,3.7,0.42,1.7,0.30,0.4,25,2.6,67,1,58,64,0.7,0.2,71,R,,,,,

players,Juwan,Morgan,SF,23,201,232,28,57,2,1.2,0.70,4.2,0.47,3,0.24,0.5,20,2.4,63,1,65,63,0.3,0.7,69,R,,,,,

players,Tony,Bradley,C,22,208,248,28,64,2.1,3.7,0.67,5.6,0.62,0.10,0.20,2.1,32,3.1,34,0.6,60,66,0.5,1,63,,,,,,

players,Nigel,W-Goss,PG,25,188,190,28,63,1.7,2.2,0.77,4.7,0.38,2.9,0.35,0.4,30,2.7,55,3.2,65,68,0.8,0.4,69,R,,,,,

,,,,,,,,,,,,,,,,,,,,,,,,,,,,,,,

,,,,,,,,,,,,,,,,,,,,,,,,,,,,,,,

players,Thomas,Bryant,C,22,208,248,29,70,1.7,3.2,0.75,7.2,0.60,1.7,0.39,2.2,55,7.3,48,2.1,70,72,0.6,1.5,75,,,,,,

players,Rui,Hachimura,PF,22,203,230,29,67,1.4,3.3,0.83,9.8,0.49,2.4,0.30,1.8,55,4.8,67,2.3,75,72,1.4,0.3,75,R,,,,,

players,Troy,Brown JR,SF,20,198,215,29,65,1.8,3.2,0.75,7.4,0.46,3.3,0.34,1.4,40,4.6,65,3.1,80,70,1.7,0.3,73,SP,,,,,

players,Bradley,Beal,SG,26,191,207,29,73,3.2,8.5,0.85,13.5,0.46,7.8,0.36,1,85,3.5,83,5.8,75,73,1.4,0.6,85,SP,,,,,

players,John,Wall,PG,29,193,210,29,75,4,5.5,0.79,12,0.43,5,0.31,0.8,85,3.5,90,9.4,95,70,2.1,1.1,85,HH,,,,,

players,Davis,Bertans,SF,27,208,225,29,69,1.4,2.5,0.86,5.2,0.44,9,0.42,0.7,46,4.2,65,2.1,70,65,1,1,69,,,,,,

players,Moritz,Wagner,C,23,211,245,29,62,1.8,2.8,0.81,4.9,0.58,2.5,0.35,1.5,43,4.8,62,1.7,67,72,0.9,0.9,67,,,,,,

players,Ish,Smith,PG,31,183,175,29,65,1.5,1.5,0.68,8.2,0.45,2.5,0.37,0.6,49,3.2,65,5.2,57,64,1.3,0.5,68,,,,,,

players,Isaac,Bonga,PG,20,203,180,29,64,1.2,1.8,0.82,2.9,0.50,1.5,0.40,1.5,40,2.8,65,1.5,65,69,0.9,0.6,71,,,,,,

players,Ian,Mahinmi,C,33,211,262,29,73,1.6,3.4,0.65,5.5,0.50,0.7,0.25,2.4,51,4.4,42,1.6,60,64,1.3,1.9,65,,,,,,

players,Shabazz,Napier,PG,28,183,175,29,64,2.6,3.1,0.82,4.8,0.43,4.2,0.35,0.7,42,2.3,66,4.7,78,65,2.1,0.4,72,,,,,,

players,Andzejs,Pasecniks,C,27,216,220,29,67,1.5,2.8,0.63,5.2,0.53,0.10,0.10,2.4,20,3.6,20,1.2,65,64,0.7,1,63,R,,,,,

players,Jerome,Robinson,SG,23,193,190,29,59,1.3,1.8,0.75,4.3,0.38,3.2,0.35,0.3,26,3.9,65,2,78,63,1.2,0.3,69,,,,,,

,,,,,,,,,,,,,,,,,,,,,,,,,,,,,,,

,,,,,,,,,,,,,,,,,,,,,,,,,,,,,,,

players,LiAngelo,Ball,SG,21,196,230,-1,65,1.4,2.6,0.71,5.7,0.37,4.9,0.36,0.7,71,4.8,59,2.7,68,68,1,0.3,72,,,,,,

players,Josh,McRoberts,PF,33,208,240,-1,68,1.3,1.6,0.70,4.2,0.47,1.7,0.34,1.1,42,3.3,50,2.5,75,65,0.8,0.6,67,,,,,,

players,Rashad,Vaughn,SG,23,198,202,-1,62,0.7,1.2,0.70,3.9,0.34,2.3,0.32,0.3,35,1.4,68,1,93,70,0.8,0.2,70,,,,,,

players,Sheldon,McClellan,SG,27,198,200,-1,58,1.6,1.5,0.85,3,0.40,1.3,0.25,0.3,25,1.8,61,1.2,70,62,0.7,0.2,67,,,,,,

players,Alex,Abrines,SG,26,198,200,-1,63,1.2,1.3,0.88,4.1,0.39,3.7,0.37,0.4,36,2.1,58,1.3,70,64,0.8,0.2,72,,,,,,

players,Willie,Reed,C,29,211,245,-1,65,0.8,2.2,0.56,4.3,0.60,0.10,0.10,1.8,30,4.2,50,0.7,58,65,0.6,1.5,59,,,,,,

players,Ike,Anigbogu,C,21,208,210,-1,65,2.1,3.4,0.83,5.1,0.37,0.10,0.10,1,32,4.7,38,0.5,66,63,0.5,1.3,61,,,,,,

players,Quincy,Pondexter,SF,31,201,230,-1,69,2.7,3.8,0.75,3.8,0.42,3.4,0.36,0.8,43,2.4,61,2,80,58,0.7,0.3,66,,,,,,

players,Ramon,Sessions,PG,33,191,190,-1,63,2.9,4.2,0.82,7.2,0.43,1.6,0.32,0.9,41,3.2,62,4.1,65,60,1.1,0.2,68,,,,,,

players,DeMarcus,Cousins,C,29,208,270,-1,72,3.9,6.8,0.74,12.2,0.46,2.8,0.33,2.2,72,7.1,38,3.8,82,66,1.7,1.7,66,IH,,,,,

players,Trey,Burke,PG,27,183,191,-1,66,2.5,2.4,0.80,6.8,0.41,3.8,0.35,0.5,53,2.4,70,4.2,62,68,1.1,0.2,78,,,,,,

players,Ivan,Rabb,PF,23,208,220,-1,62,1.6,1.9,0.76,4.9,0.55,0.6,0.20,1.8,32,3.5,50,1.6,65,68,0.4,1,64,,,,,,

players,Sean,Kilpatrick,SG,30,193,212,-1,55,2,2.,0.86,2.4,0.41,4.1,0.34,0.4,46,3.3,70,2.1,59,63,0.8,0.2,68,,,,,,

players,Brandon,Jennings,PG,29,185,170,-1,59,2.2,3.1,0.80,8,0.39,4.8,0.35,0.6,60,5.1,65,5.9,88,68,1.4,0.4,67,EX,,,,,

players,Marcus,Thornton,SG,31,194.5,205,-1,70,1.2,2.3,0.83,6.7,0.43,4.5,0.37,1.1,43,3.1,63,1.7,80,65,1.2,0.3,65,,,,,,

players,Jared,Sullinger,PF,28,206.1,260,-1,57,1.6,2.4,0.73,7.2,0.44,2.3,0.30,2.8,40,7,38,2.1,75,65,1.1,1.1,59,,,,,,

players,Frank,Mason III,PG,25,180.5,190,-1,57,1.8,2.2,0.78,4.4,0.39,2,0.30,0.6,35,2.6,59,3.2,75,68,0.8,0.3,71,,,,,,

players,Tyler,Johnson,PG,27,191,190,-1,67,1.8,2.6,0.77,5.7,0.43,3.6,0.36,0.8,37,3.1,70,2.8,65,72,1.4,0.8,72,,,,,,

players,Jamal,Crawford,SG,39,196,185,-1,70,2.3,3.7,0.86,8.3,0.41,4.8,0.35,0.5,68,2.3,71,4.1,68,75,1.2,0.3,80,,,,,,

players,MarShon,Brooks,SG,31,196,200,-1,61,1.6,2.1,0.75,5.5,0.45,2,0.34,1,40,2.2,54,1.9,70,63,1,0.4,79,,,,,,

players,Pau,Gasol,C,39,216,250,-1,69,2.2,5.2,0.75,8.1,0.51,2.8,0.37,2.1,67,6.5,48,2.7,63,62,0.8,1.5,70,,,,,,

players,Ryan,Anderson,PF,31,208,240,-1,57,1.8,3.4,0.85,5.7,0.42,5.4,0.38,1.6,53,3.8,38,1.5,65,54,0.7,0.6,60,,,,,,

players,Joe,Johnson,SG,38,201,240,-1,69,2.5,3.4,0.80,8.9,0.44,4.4,0.38,1.2,64,4.2,61,4.1,70,62,1.4,0.3,78,,,,,,

players,Toney,Douglas,PG,34,188.2,190,-1,66,1.4,2.2,0.82,7.3,0.40,3.5,0.35,0.5,30,3.1,51,4,55,55,1.5,0.2,63,,,,,,

players,Thomas,Robinson,PF,31,209.7,237,-1,50,1.7,3.1,0.53,4.7,0.47,0.10,0.10,2.6,28,4.6,42,1.1,65,66,0.6,0.6,63,,,,,,

players,Tyreke,Evans,SG,30,198,220,-1,74,2.4,5.4,0.76,14.2,0.46,3.3,0.32,1.4,61,4.7,66,6.3,59,67,1.6,0.8,74,,,,,,

players,Dante,Cunningham,PF,32,203,230,-1,68,0.8,1.8,0.70,4.7,0.45,1.4,0.35,1.5,42,4,53,1.2,60,67,1,1.1,70,,,,,,

players,Kenneth,Faried,PF,30,203,220,-1,72,2.1,3.6,0.67,8.1,0.58,0.8,0.35,3.2,50,5.1,70,1,75,67,1.1,1.3,65,,,,,,

players,Anthony,Bennett,PF,26,203,235,-1,64,1.3,1.9,0.67,3.7,0.40,1.3,0.26,1.3,30,2.9,59,1,65,65,0.7,0.4,67,,,,,,

players,Monta,Ellis,SG,34,192,185,-1,68,2.7,4.2,0.77,5.8,0.44,1.8,0.32,0.6,42,3.1,89,3.7,85,71,1.1,0.4,71,EX,,,,,

players,CJ,Miles,SF,32,198,230,-1,64,1.5,2.1,0.81,2.8,0.38,3.7,0.32,1.2,44,2.3,55,1.6,70,61,0.9,0.3,67,,,,,,

players,Mario,Chalmers,PG,33,188,190,-1,72,2.2,2.3,0.79,3.9,0.42,3.3,0.35,0.4,45,2.6,67,4,59,63,1.7,0.4,67,,,,,,

players,Tyler,Zeller,C,30,213,260,-1,63,1.2,2.3,0.76,5.4,0.51,0.5,0.20,1.8,36,3.7,38,1.3,65,63,0.5,1,60,,,,,,

players,Chandler,Parsons,SF,31,206,230,-1,64,2.2,2.4,0.71,5.9,0.46,3.8,0.37,0.9,57,4.2,54,2.9,59,64,1.4,0.6,70,,,,,,

players,Jarrett,Jack,PG,36,190,200,-1,63,2.1,2.7,0.86,6.4,0.44,2.2,0.34,0.4,40,3.1,57,4.7,57,59,1.1,0.2,64,,,,,,

players,Deron,Williams,PG,35,191,200,-1,70,2.3,3.7,0.82,7.2,0.45,4,0.36,0.4,58,3.1,78,5.1,60,64,1.3,0.4,71,,,,,,

players,Anthony,Morrow,SG,34,195.1,210,-1,62,0.7,1.6,0.88,4.4,0.45,3.4,0.42,0.6,38,1.8,60,1.3,70,65,0.8,0.2,65,,,,,,

players,Isaiah,Canaan,SG,28,183.1,201,-1,61,2.1,2.4,0.79,4.1,0.38,3.8,0.41,0.4,30,2.1,62,3.5,57,67,1.8,0.2,68,,,,,,

players,Isaiah,Whitehead,PG,25,193,213,-1,68,2.1,1.9,0.79,4.8,0.41,2.3,0.32,0.5,28,2.3,51,2.7,70,65,0.7,0.7,69,,,,,,

players,Nick,Young,SG,34,201,210,-1,64,1,2.4,0.84,5.8,0.42,3.8,0.38,0.5,64,2.3,65,1.5,70,62,0.7,0.3,72,,,,,,

players,KJ,McDaniels,SF,27,198,205,-1,66,1.4,2.1,0.78,3.3,0.41,3.5,0.29,1,22,2.7,62,1,62,68,1,1,72,,,,,,

players,Archie,Goodwin,SG,25,196,205,-1,56,1.7,2.6,0.70,4.4,0.43,"1,8",0.24,0.7,26,2.2,70,1.8,54,72,0.8,0.3,70,,,,,,

players,Justin,Hamilton,C,29,213,255,-1,52,1.3,1.1,0.80,3.2,0.46,2.1,0.31,1.5,20,3.7,50,1.4,75,58,0.7,1.4,60,,,,,,

players,Demetrius,Jackson,PG,24,185,200,-1,54,1.1,1.2,0.68,2.1,0.49,1.3,0.29,0.4,15,1,52,1.3,54,70,0.4,0.1,64,,,,,,

players,Lance,Thomas,PF,31,203,235,-1,63,1,1.5,0.80,3.4,0.42,1.8,0.38,1,37,3.5,43,1.2,60,59,0.7,0.2,61,,,,,,

players,Luc,Mbah a Moute,SF,33,203,230,-1,83,1.4,2.6,0.70,4.5,0.45,1.6,0.33,2.1,52,4.9,60,1.6,62,62,1.3,0.8,67,,,,,,

players,Tony,Wroten,PG,26,198.2,205,-1,63,2.4,2.2,0.65,7.1,0.41,2.6,0.24,1.3,49,4.3,73,6.1,50,68,1,0.2,74,,,,,,

players,Justin,Anderson,SF,26,198,230,-1,69,0.9,2.3,0.78,2.2,0.63,2.7,0.30,1,39,2.7,66,1.1,65,64,0.8,0.5,74,,,,,,

players,Michael,Beasley,PF,31,206,235,-1,67,2.2,3.4,0.76,7.2,0.46,2.2,0.35,1.6,44,4.2,59,2.2,60,66,1,0.8,70,,,,,,

players,JR,Smith,SG,34,198,225,-1,70,2.1,2.8,0.78,7.2,0.42,5.7,0.37,0.9,68,3.6,71,2.5,70,67,1.4,0.4,80,,,,,,

players,Lance,Stephenson,SF,29,198,230,-1,74,1.5,2.1,0.70,5.4,0.42,2.6,0.37,0.8,66,3.3,70,4,60,64,1,0.3,80,,,,,,

players,Malachi,Richardson,SG,24,198,205,-1,61,1.2,2.4,0.78,5.5,0.36,3.5,0.30,1,25,2.5,66,1.6,86,62,0.6,0.1,70,,,,,,

players,Jodie,Meeks,SG,32,193,210,-1,67,1.1,2.4,0.9,5.1,0.42,3.9,0.37,0.4,39,2.7,58,1.7,60,65,1.3,0.3,64,,,,,,

players,Isaiah,Thomas,PG,31,175,185,-1,58,2.2,5.3,0.87,8.2,0.44,5.3,0.36,0.6,74,5,64,1.3,74,68,1.2,0.2,82,,,,,,

,,,,,,,,,,,,,,,,,,,,,,,,,,,,,,,

,,,,,,,,,,,,,,,,,,,,,,,,,,,,,,,

Rookies,Anthony,Edwards,SG,19,196,225,-3,72,2.7,3.5,0.78,6.4,0.45,5.1,0.32,0.4,50,3.1,70,3,73,81,1,0.4,76,USA,Georgia,Georgia,",",,

Rookies,LaMelo,Ball,PG,19,203,180,-3,68,2.4,4.3,0.78,6.4,0.42,5.4,0.32,0.7,69,4.7,67,4.3,70,78,1.1,0.4,76,USA,Australia,Illawara,",",,

Rookies,James,Wiseman,C,19,216,235,-3,76,2,4.3,0.70,5.1,0.53,0.30,0.30,2.2,52,5.9,52,0.7,80,76,0.5,2,72,USA,Memphis,Memphis,",",,

Rookies,Obi,Toppin,PF,22,206,220,-3,68,2,3.4,0.71,7.6,0.41,1.8,0.38,1.2,48,4.9,62,1.5,65,72,0.6,0.8,71,USA,Dayton,Dayton,",",,

Rookies,Cole,Anthony,PG,19,188,185,-3,71,2.3,3.6,0.75,6,0.40,4.1,0.32,0.3,60,4,70,4.6,91,75,0.7,0.2,71,USA,North Carolina,North Carolina,",",,

Rookies,Jaden,McDaniels,PF,20,208,185,-3,67,2.6,2.1,0.76,5.2,0.40,3.5,0.34,0.7,45,4.2,60,2,75,73,0.6,1.2,73,USA,Washington,Washington,",",,

Rookies,Vernon,Carey JR,PF,19,208,265,-3,72,2,4.4,0.67,7.2,0.60,0.8,0.35,2.1,45,5.2,65,1,64,72,0.5,1.2,76,USA,North Carolina,Duke,",",,

Rookies,Nico,Mannion,PG,20,190,190,-3,66,1.8,3.7,0.80,5,0.44,4.2,0.33,0.2,53,2,61,4.2,78,72,0.2,0.5,73,Italy,Arizona,Arizona,",",,

Rookies,Deni,Avdija,SG,20,203,210,-3,69,1.8,3.2,0.80,6.9,0.42,3.2,0.38,1.1,39,3.2,61,2.4,95,70,1.4,0.4,77,Israel,,Tel Aviv,",",,

Rookies,Theo,Maledon,PG,19,196,175,-3,67,1.6,2.3,0.78,5.4,0.43,2.3,0.38,0.8,34,4.8,63,3.1,91,76,1.2,0.5,80,France,,Lyon,",",,

Rookies,Precious,Achiuwa,SF,19,206,190,-3,70,2.3,3.2,0.66,5.8,0.51,1.3,0.30,1.2,33,4.3,68,1,82,73,0.8,1.3,84,USA,Memphis,Memphis,",",,

Rookies,NFaly,Dante,C,20,211,240,-3,73,1.4,2.3,0.50,4.7,0.52,0.10,0.10,1.7,26,5.3,50,1.6,71,70,1.4,1.4,69,USA,Oregon,Oregon,",",,

Rookies,Onyeka,Okongwu,PF,19,206,230,-3,68,2,4.1,0.72,7.1,0.51,0.4,0.27,2.2,30,6,53,1.1,66,72,1.1,2.3,73,USA,California,USC,",",,

Rookies,Tyrese,Haliburton,SG,20,196,185,-3,73,2.2,2.7,0.81,5.1,0.46,4,0.42,1,36,4,76,5.2,85,76,1.8,0.6,80,USA,Iowa,Iowa,",",,

Rookies,Isaiah,Stewart,C,19,206,245,-3,70,2.5,5.1,0.77,5.6,0.50,0.4,0.25,1.8,30,4.7,49,0.5,82,71,0.4,1.8,80,USA,Washington,Washington,",",,

Rookies,Killian,Hayes,PG,19,196,195,-3,66,2.1,2.4,0.85,6.5,0.41,2.4,0.25,0.5,30,3.1,61,5,75,74,1,0.1,75,Germany,,Ulm,",",,

Rookies,Zeke,Nnaji,PG,19,211,240,-3,71,2.6,5.2,0.72,7,0.48,0.3,0.30,2,29,4.8,53,0.5,67,76,0.5,0.7,76,USA,Arizona,Arizona,",",,

Rookies,Ochai,Agbaji,SG,20,196,210,-3,67,1.7,1.5,0.70,4,0.46,4,0.33,1,28,3.3,63,1.8,61,69,0.7,0.3,71,USA,Kansas,Kansas,",",,

Rookies,Daniel,Oturu,C,21,208,240,-3,74,2.1,4.7,0.68,6.8,0.51,0.7,0.37,2.4,25,5.3,56,0.7,83,73,0.4,1.4,81,USA,Minnesota,Minnesota,",",,

Rookies,Aaron,Nesmith,SG,20,198,215,-3,69,1.6,3.7,0.82,4.4,0.42,5.1,0.40,0.8,31,3.5,62,1.1,81,72,0.7,0.4,75,USA,Vanderbilt,Vanderbilt,",",,

Rookies,RJ,Hampton,PF,19,193,175,-3,66,1.5,2.9,0.71,5.8,0.43,3,0.30,1.1,47,3,67,2.8,66,75,1.5,0.5,76,Australia,,NZ,",",,

Rookies,Jordan,Nwora,SG,22,201,220,-3,67,2,3.1,0.78,5.4,0.43,4.3,0.40,1,34,4.2,60,1,92,71,0.7,0.1,78,USA,Louisville,Louisville,",",,

Rookies,Jay,Scrubb,SG,19,198,220,-3,68,2.2,3.2,0.78,6.6,0.42,3.9,0.41,1.1,25,3.8,61,2.1,54,67,0.7,0.2,70,USA,JUCO,JUCO,",",,

Rookies,Josh,Green,SG,19,196,200,-3,71,1.6,3.3,0.78,5.7,0.41,2.4,0.36,1,25,2.8,62,2.1,83,68,1.3,0.3,70,Australia,Arizona,Arizona,",",,

Rookies,Ashton,Hagans,PG,21,190,190,-3,75,2.5,4.2,0.80,5.1,0.46,1.9,0.28,0.3,23,2.2,60,5.2,60,72,1.4,0.1,76,USA,Kentucky,Louisville,",",,

Rookies,Devon,Dotson,PG,21,185,180,-3,65,2.4,5.6,0.81,7.3,0.47,3.2,0.33,0.3,24,2.5,64,4,59,69,1.7,0.1,75,USA,Kansas,Kansas,",",,

Rookies,Tyrese,Maxey,SF,19,188,190,-3,69,2.2,3.4,0.84,6.8,0.44,3.2,0.30,0.2,28,3.9,60,2.5,83,70,0.6,0.2,81,USA,Kentucky,Louisville,",",,

Rookies,CJ,Elleby,SF,20,196,185,-3,67,2.6,4.2,0.76,7,0.41,4.6,0.38,1.1,29,5.2,56,2.6,75,69,1.2,0.5,72,USA,Washington,Washington,",",,

Rookies,Paul,Reed,PF,21,206,210,-3,67,1.7,2.3,0.73,4.5,0.43,3.3,0.34,1.8,23,5.2,64,2.2,91,70,1.4,0.4,76,USA,DePaul,DePaul,",",,

Rookies,DJ,Carton,PG,20,188,190,-3,66,2.1,2.5,0.77,3.9,0.44,3.3,0.40,0.3,10,2.1,67,2.4,84,73,0.5,0.1,75,USA,Ohio,Ohio,",",,

Rookies,Omer,Yurtseven,C,22,213,275,-3,69,1.5,2.2,0.70,6.1,0.51,0.7,0.40,2.6,26,6.2,48,1.3,53,70,0.2,1.2,68,USA,Georgetown,Georgetown,",",,

Rookies,Udoka,Azubuike,C,20,211,280,-3,73,1.4,1.6,0.75,6.2,0.53,1,0.25,2.1,26,5.8,42,1.4,84,69,1,1.6,65,USA,Kansas,Kansas,",",,

Rookies,Amar,Sylla,PF,18,206,195,-3,67,1.2,2.4,0.69,5.3,0.39,1.8,0.22,1.4,20,4.3,65,1.1,83,69,1.3,1.1,70,Senegal,,Oostende,",",,

Rookies,Tyler,Bey,SF,22,201,215,-3,69,2,4.6,0.75,5.6,0.50,1,0.34,1.5,16,5,67,1.2,50,68,0.8,0.8,75,USA,Colorado,Colorado,",",,

Rookies,Jalen,Smith,PG,20,208,215,-3,66,2.2,2,0.73,5.4,0.45,2.4,0.32,2,15,5.9,65,0.7,76,71,0.5,1.6,77,USA,Maryland,Maryland,",",,

Rookies,Steven,Enoch,C,22,208,250,-3,65,1.4,2.3,0.76,5.3,0.47,1,0.33,1,15,4.3,42,0.5,71,68,0.2,0.8,68,USA,Louisville,Louisville,",",,

Rookies,Filip,Petrusev,PF,20,211,225,-3,67,1.6,5.2,0.76,7.1,0.51,0.7,0.25,1.4,22,3.8,50,1,75,69,0.6,0.6,72,Serbia,Gonzaga,Gonzaga,",",,

Rookies,Arturs,Zagars,PG,20,191,170,-3,66,1.8,2.5,0.76,6.4,0.41,3.4,0.34,0.3,25,3.2,64,3.9,64,70,1.3,0.2,75,Latvia,,Badalona,",",,

Rookies,AJ,Lawson,SG,20,198,165,-3,65,2.5,2.8,0.72,4.2,0.39,4.2,0.34,0.5,12,2.2,69,2.2,71,71,0.8,0.1,72,USA,South Carolina,South Carolina,",",,

Rookies,Tyrell,Terry,SG,19,191,170,-3,64,2.6,2.4,0.84,4.4,0.43,3.7,0.35,0.2,21,3.5,70,2.2,64,65,1.1,0.1,75,USA,Stanford,Stanford,",",,

Rookies,Markus,Howard,PG,21,180,175,-3,63,2.8,4.6,0.85,5.7,0.46,5.2,0.40,0.2,10,2,68,2.5,85,70,0.7,0.1,82,USA,Marquette,Marquette,",",,

Rookies,Aaron,Henry,SG,20,198,220,-3,66,2.2,3.1,0.69,4.5,0.41,2.2,0.35,0.7,20,3.1,64,2.1,60,68,0.6,0.3,72,USA,Michigan,Michigan,",",,

Rookies,Tre,Jones,PG,20,188,185,-3,71,1.8,3.1,0.77,6.3,0.43,2.7,0.31,0.5,34,2.6,59,4.3,62,71,1.3,0.1,75,USA,Duke,Duke,",",,

Rookies,Anton,Watson,SF,19,206,205,-3,64,1.4,1.9,0.66,3.3,0.40,0.8,0.20,1,10,2.1,58,1.3,88,67,0.9,0.3,69,USA,Gonzaga,Gonzaga,",",,

Rookies,Devin,Vassell,SG,19,201,195,-3,65,2.1,1.7,0.72,5.4,0.42,2.2,0.40,0.7,15,2.2,62,1,74,71,0.7,0.2,74,USA,Florida,Florida,",",,

Rookies,Malachi,Flynn,PG,22,188,175,-3,63,1.8,4.2,0.83,5.3,0.40,4.3,0.37,0.3,12,2.9,63,4.2,63,65,1.2,0.1,72,USA,San Diego,San Diego,",",,

Rookies,Saddiq,Bey,SF,21,203,215,-3,65,2.1,2.3,0.74,4.7,0.39,4.1,0.38,1.1,20,2.4,59,1.4,65,68,0.5,0.1,71,USA,Villanova,Villanova,",",,

Rookies,Austin,Wiley,C,21,208,260,-3,67,1.8,4,0.64,4.9,0.49,0.1,0.10,1.6,8,3.2,52,0.2,62,67,0.2,1,71,USA,Auburn,Auburn,",",,

Rookies,Isaiah,Joe,PG,20,196,165,-3,63,1.6,2.7,0.82,2.5,0.37,6.3,0.34,0.3,16,2.4,59,1.3,65,66,1,0.1,74,USA,Arkansas,Arkansas,",",,

Rookies,Reggie,Perry,PF,21,206,250,-3,66,2.4,3.7,0.65,6.1,0.42,1.5,0.31,2,17,5,57,1.2,69,70,0.4,0.6,69,USA,Mississippi,Mississippi State,",",,

Rookies,Payton,Pritchard,PG,22,188,195,-3,64,2,2.6,0.80,4.2,0.43,4.2,0.38,0.4,10,2.6,64,3.8,62,67,1.1,0.1,76,USA,Oregon,Oregon,",",,

Rookies,Mamadi,Diakite,PF,23,206,230,-3,64,1.6,1.8,0.72,4.2,0.52,1,0.34,0.8,12,2.2,43,0.3,54,65,0.3,0.8,67,USA,Virginia,Virginia,",",,

Rookies,Scottie,Lewis,SF,21,195,180,-3,69,2.2,3.4,0.76,6.2,0.41,3.6,0.39,0.8,10,2.9,74,3.6,51,69,1.1,0.2,73,USA,Florida,Florida,",",,

Rookies,Chris,Smith,PF,20,203,205,-3,64,2.1,2.1,0.75,3.7,0.38,2.6,0.30,0.6,13,2.1,70,0.7,51,68,0.3,0.1,69,USA,UCLA,UCLA,",",,

Rookies,Landers,Nolley,SG,20,201,230,-3,64,2.1,1.6,0.78,6.4,0.35,4.4,0.32,0.5,21,4,62,2.1,61,65,0.5,0.1,74,USA,Virginia,Virginia,",",,

Rookies,Terrence,Shannon,SF,21,198,210,-3,65,2.1,1.9,0.80,5.1,0.43,0.9,0.25,0.8,20,2.2,64,0.7,54,68,0.6,0.2,75,USA,Texas,Texas,",",,

Rookies,Romeo,Weems,SF,19,201,210,-3,66,1.9,1.4,0.63,4.1,0.39,2,0.33,1.1,15,2.4,59,1.2,54,64,0.8,0.3,71,USA,DePaul,DePaul,",",,

Rookies,Nahziah,Carter,PF,20,198,205,-3,62,2.3,2.6,0.64,5.7,0.40,3.5,0.36,0.8,16,2.7,46,1,81,69,1.1,0.4,68,USA,Washington,Washington,",",,

Rookies,Jahmius,Ramsey,PG,19,191,190,-3,63,2.3,2.3,0.65,5.9,0.40,3.5,0.40,0.4,7.5,2.2,69,1.6,62,66,1,0.4,68,USA,Texas,Texas,",",,

Rookies,Cassius,Winston,SG,23,185,185,-3,65,2.6,3.5,0.85,5.4,0.42,3.7,0.41,0.2,15,1.9,65,4.8,61,68,0.6,0.1,71,USA,Michigan,Michigan,",",,

Rookies,Cassius,Stanley,SF,21,196,190,-3,66,2.1,3.3,0.76,4.9,0.41,2.2,0.36,1.2,20,3.1,67,1,83,72,0.4,0.4,76,USA,Duke,Duke,",",,

Rookies,Corey,Kispert,SG,21,198,215,-3,63,2.1,2.2,0.82,4.2,0.43,4.1,0.42,0.7,20,3.1,62,1.6,61,68,0.7,0.2,71,USA,Gonzaga,Gonzaga,",",,

Rookies,David,Duke,PG,20,196,200,-3,63,2.4,3.2,0.75,4.9,0.39,2.7,0.37,0.4,12,2.9,64,2.7,53,67,1.1,0.2,72,USA,Providence,Providence,R,,

Rookies,Malcolm,Cazalon,SG,18,198,185,-3,64,1.6,3.2,0.79,6.2,0.38,2.3,0.31,0.4,10,4.2,62,3.2,50,68,1.4,0.4,70,France,,Leuven,R,,

Rookies,Killian,Tillie,SG,22,208,230,-3,64,2.1,2,0.75,4.7,0.51,2.7,0.40,1,34,3.4,60,1.1,70,68,0.6,0.6,72,France,Gonzaga,Gonzaga,R,,

Rookies,Henri,Drell,SF,20,206,190,-3,62,1.7,4.3,0.71,5,0.37,2.6,0.27,0.6,15,2.3,63,2.6,56,74,0.6,0.4,70,Estonia,,Pesaro,R,,

Rookies,Nick,Richards,C,22,211,245,-3,70,1.3,3.1,0.73,4.7,0.49,0.10,0.10,1.6,10,3.7,55,0.4,52,68,0.8,1.2,68,USA,Kentucky,Kentucky,R,,

Rookies,Mustapha,Heron,SG,22,196,220,-3,63,2.1,3.3,0.79,5.1,0.41,3.5,0.35,0.8,12,3.2,64,1.8,59,65,0.7,0.1,67,USA,St Johns,St Johns,R,,

Rookies,Jordan,Bowden,SG,23,196,185,-3,64,1.4,2.5,0.80,3.7,0.42,3.5,0.34,0.4,10,2.2,63,1.6,54,67,0.7,0.1,68,USA,Tennessee,Tennesse,R,,

Rookies,Kira,Lewis,PF,19,193,165,-3,59,3.2,3.7,0.79,7.4,0.41,3.8,0.34,0.4,6,3.2,64,3.7,47,63,1.1,0.3,69,USA,Alabama,Alabama,R,,

Rookies,Jeremiah,Robinson-Earl,PF,19,206,230,-3,69,2.5,2.8,0.81,5.1,0.42,1.8,0.33,1.7,8,5.3,56,1.5,74,69,0.6,0.2,70,USA,Villanova,Villanova,R,,

Rookies,James,Akinjo,PG,19,183,170,-3,59,3.7,3,0.78,5.9,0.35,2.7,0.35,0.2,8,2.8,60,3.8,60,67,1,0.1,66,USA,Salesian,Salesian,R,,

,,,,,,,,,,,,,,,,,,,,,,,,,,,,,,,

,,,,,,,,,,,,,,,,,,,,,,,,,,,,,,,

,Team ID,First,Last,Age,Position,Authority,Expectation,Personality,ShotSelection,BallMovement,Rebounding,Defence,Structure,DevShot,DevBallMovement,DevRebounding,DevDefence,DevFitness,FindTalent,FindPotential,Persuasion,Dedication,Desire,Potential,,,,,,,

Coaches,0,Lloyd,Pierce,40,HC,68,57,76,61,76,72,77,57,60,68,55,62,41,23,34,67,100,84,75,,,,,,,

Coaches,1,Brad,Stevens,40,HC,78,69,50,64,81,65,63,82,62,76,75,64,57,43,30,78,87,90,83,,,,,,,

Coaches,2,Jacque,Vaughn,45,HC,45,38,72,54,68,54,56,50,53,85,54,66,50,45,67,63,76,89,86,,,,,,,

Coaches,3,James,Borrego,43,HC,61,61,72,52,74,75,52,100,53,61,80,85,49,55,54,73,80,12,71,,,,,,,

Coaches,4,Jim,Boylen,43,HC,66,61,70,54,72,79,69,79,55,80,66,80,56,45,37,80,95,38,64,,,,,,,

Coaches,5,JB,Bickerstaff,51,HC,76,71,70,80,73,54,54,78,58,61,52,74,71,68,67,68,73,32,77,,,,,,,

Coaches,6,Rick,Carlisle,52,HC,68,50,75,50,67,70,63,96,70,60,65,70,60,30,35,80,85,99,72,,,,,,,

Coaches,7,Mike,Malone,49,HC,65,62,75,79,81,65,50,65,50,65,40,80,75,65,45,80,70,32,75,,,,,,,

Coaches,8,Dwane,Casey,54,HC,76,74,75,74,59,74,80,88,68,66,64,80,59,32,22,81,78,32,65,,,,,,,

Coaches,9,Steve,Kerr,47,HC,87,98,81,88,84,65,81,67,94,91,54,66,79,63,39,75,79,88,88,,,,,,,

Coaches,10,Mike,D'Antoni,68,HC,80,79,65,72,81,65,77,64,63,73,54,36,85,61,65,76,88,47,62,,,,,,,

Coaches,11,Nate,McMillan,51,HC,67,59,70,75,72,67,77,77,54,75,58,80,58,51,52,74,82,37,60,,,,,,,

Coaches,12,Doc,Rivers,54,HC,85,74,85,85,72,89,64,85,65,69,73,74,56,44,51,82,90,86,66,,,,,,,

Coaches,13,Frank,Vogel,43,HC,54,38,75,50,71,78,54,82,67,69,79,84,65,36,51,86,80,100,73,,,,,,,

Coaches,14,Taylor,Jenkins,43,HC,68,62,65,45,68,65,73,86,63,73,54,36,85,61,65,76,88,47,61,,,,,,,

Coaches,15,Eric,Spoelstra,48,HC,81,64,80,65,68,84,56,81,62,64,60,71,74,34,49,85,79,35,70,,,,,,,

Coaches,16,Mike,Budenholzer,52,HC,68,57,76,61,76,72,77,57,60,68,55,62,41,23,34,67,100,84,75,,,,,,,

Coaches,17,Ryan,Saunders,44,HC,79,56,70,77,76,79,74,75,55,80,66,80,56,45,37,80,95,38,68,,,,,,,

Coaches,18,Alvin,Gentry,46,HC,59,53,85,60,73,84,69,86,73,72,67,79,65,48,43,87,83,77,76,,,,,,,

Coaches,19,Mike,Miller,44,HC,59,53,85,60,73,84,69,86,73,72,67,79,65,48,43,87,83,77,76,,,,,,,

Coaches,20,Billy,Donovan,53,HC,72,63,75,62,67,84,72,65,77,73,67,72,58,32,34,76,90,54,67,,,,,,,

Coaches,21,Steve,Clifford,51,HC,61,61,72,52,74,75,52,100,53,61,80,85,49,55,54,73,80,12,71,,,,,,,

Coaches,22,Brett,Brown,56,HC,59,41,75,51,76,66,81,48,75,73,66,79,49,66,36,85,95,53,76,,,,,,,

Coaches,23,Monty,Williams,48,HC,42,42,65,64,63,47,77,61,62,61,53,58,57,72,69,71,80,47,56,,,,,,,

Coaches,24,Terry,Stotts,54,HC,42,42,65,64,63,47,77,61,62,61,53,58,57,72,69,71,80,47,56,,,,,,,

Coaches,25,Luke,Walton,46,HC,51,37,75,60,67,61,77,63,68,66,64,80,59,32,22,81,78,32,65,,,,,,,

Coaches,26,Gregg,Popovich,68,HC,92,84,41,79,96,81,74,96,70,57,63,66,36,63,30,89,94,87,45,,,,,,,

Coaches,27,Nick,Nurse,43,HC,76,74,75,74,59,74,80,88,68,66,64,80,59,32,22,81,78,32,65,,,,,,,

Coaches,28,Quin,Snyder,54,HC,76,73,70,90,88,67,90,79,67,69,76,81,74,67,50,74,83,99,70,,,,,,,

Coaches,29,Scott,Brooks,52,HC,74,66,75,85,76,63,84,73,73,66,62,59,67,53,39,74,77,43,86,,,,,,,

Coaches,0,Melvin,Hunt,41,AC,55,71,65,56,60,65,74,55,62,51,60,61,90,63,59,68,79,12,75,,,,,,,

Coaches,0,Devon,Dantonio,40,AC,55,71,65,56,60,65,74,55,62,51,60,61,90,63,59,68,79,12,75,,,,,,,

Coaches,1,Brandon,Bailey,39,AC,60,68,70,57,55,68,68,60,60,51,66,77,69,66,62,67,68,4,70,,,,,,,

Coaches,2,Tiago,Splitter,39,AC,65,60,70,67,68,63,69,60,67,62,60,63,52,59,57,68,73,64,60,,,,,,,

Coaches,3,Jay,Triano,46,AC,70,61,85,53,57,86,80,65,62,57,76,83,70,50,60,69,84,36,75,,,,,,,

Coaches,4,Chris,Fleming,51,AC,55,70,55,52,54,63,70,63,62,62,60,66,98,61,60,64,63,74,90,,,,,,,

Coaches,5,Antonio,Lang,61,AC,65,80,55,68,73,60,64,75,53,73,56,63,67,53,59,58,89,38,55,,,,,,,

Coaches,6,Darrell,Armstrong,46,AC,55,57,65,59,64,48,54,55,52,71,46,55,76,79,53,59,58,53,65,,,,,,,

Coaches,7,Ray,Bowen,47,AC,55,57,65,59,64,48,54,55,52,71,46,55,76,79,53,59,58,53,65,,,,,,,

Coaches,8,Tim,Hardaway,41,AC,70,52,80,79,82,62,64,53,81,90,57,67,81,53,67,67,79,48,75,,,,,,,

Coaches,9,Ryan,Adams,41,AC,65,56,65,57,59,51,85,62,48,54,55,82,73,66,54,76,73,38,72,,,,,,,

Coaches,10,Carl,Finch,46,AC,50,56,55,53,62,55,56,46,52,62,48,62,61,53,66,62,58,66,69,,,,,,,

Coaches,11,Nate,McMillan,50,AC,70,56,70,61,69,67,83,68,54,75,58,80,58,51,52,74,82,37,60,,,,,,,

Coaches,12,Sam,Cassell,43,AC,70,68,75,70,84,53,57,59,70,74,51,62,54,50,54,65,65,58,80,,,,,,,

Coaches,13,James,Worthy,66,AC,80,70,55,72,78,53,53,50,71,72,52,54,68,61,58,53,63,35,55,,,,,,,

Coaches,14,Jonathan,Bzdelik,66,AC,80,70,55,72,78,53,53,50,71,72,52,54,68,61,58,53,63,35,55,,,,,,,

Coaches,15,Juwaun,Daniels,41,AC,60,61,70,53,54,64,54,58,62,67,65,68,73,63,67,75,84,28,90,,,,,,,

Coaches,16,Gary,Foster,42,AC,60,64,80,54,78,54,68,54,58,78,52,66,70,72,70,69,79,25,77,,,,,,,

Coaches,17,David,Adelman,51,AC,70,69,70,58,68,53,62,67,73,80,57,64,67,58,67,65,78,69,75,,,,,,,

Coaches,18,Robert,Pack,46,AC,60,70,75,54,58,49,53,59,77,83,48,69,71,65,62,69,78,67,88,,,,,,,

Coaches,19,Jimmy,Cleamons,59,AC,60,55,65,54,49,64,58,54,64,52,72,71,68,62,68,62,79,73,64,,,,,,,

Coaches,20,Maurice,Cheeks,46,AC,60,70,75,54,58,49,53,59,77,83,48,69,71,65,62,69,78,67,88,,,,,,,

Coaches,21,Mario,Elie,41,AC,60,72,65,53,57,64,56,60,59,63,73,72,69,74,69,62,67,39,68,,,,,,,

Coaches,22,Mike,Dantoni,66,AC,55,70,60,48,54,41,42,56,74,77,69,78,70,52,60,71,80,8,53,,,,,,,

Coaches,23,Noel,Bjorkgren,46,AC,65,50,60,57,52,61,71,64,63,59,62,67,66,53,59,74,80,50,80,,,,,,,

Coaches,24,Johny,Triano,61,AC,60,53,65,58,63,47,59,53,62,61,53,58,57,72,69,71,80,47,55,,,,,,,

Coaches,25,Corlis,Williamson,43,AC,60,73,70,65,59,67,59,59,80,59,73,68,59,59,69,63,73,83,80,,,,,,,

Coaches,26,Becky,Hammon,61,AC,65,65,60,59,56,64,58,69,53,56,58,64,58,49,52,69,68,41,60,,,,,,,

Coaches,27,Adrian,Griffin,45,AC,55,64,70,51,44,51,46,89,67,60,53,51,80,74,80,56,72,70,60,,,,,,,

Coaches,28,Brian,Jones,37,AC,65,38,65,42,41,46,43,48,53,50,49,50,52,75,72,66,67,37,95,,,,,,,

Coaches,29,Howard,Eisley,43,AC,70,68,75,70,84,53,57,59,70,74,51,62,54,50,54,65,65,58,80,,,,,,,

Coaches,-1,Phil,Jackson,68,NA,80,81,95,93,95,83,97,88,61,70,65,82,57,53,54,92,88,27,60,,,,,,,

Coaches,-1,Jerry,Sloan,68,NA,80,70,75,82,85,85,86,96,65,62,63,65,62,63,64,84,85,86,60,,,,,,,

Coaches,-1,Dan,Collins,66,NA,70,71,75,70,70,75,70,75,65,67,68,69,73,57,57,86,83,10,60,,,,,,,

Coaches,-1,Byron,Scott,51,NA,75,82,75,73,69,64,68,73,67,68,61,70,68,64,64,71,75,81,70,,,,,,,

Coaches,-1,George,Karl,68,NA,70,56,85,82,81,64,61,69,51,70,63,56,68,50,42,79,85,44,60,,,,,,,

Coaches,-1,Graeme,Hill,40,NA,70,72,90,59,62,63,62,65,67,70,69,60,64,50,51,71,78,32,85,,,,,,,

Coaches,-1,Shaq,O'Neal,41,NA,80,68,95,58,52,66,69,57,71,52,74,75,53,51,52,86,88,50,80,,,,,,,

Coaches,-1,Jeff,Van Gundy,53,NA,70,70,70,65,65,68,73,58,61,61,60,64,62,63,62,67,67,37,65,,,,,,,

Coaches,-1,Pat,Riley,66,NA,90,95,90,88,92,96,87,92,64,56,64,58,65,62,45,86,84,64,55,,,,,,,

Coaches,-1,Hakeem,Olajuwon,49,NA,75,62,80,68,62,93,67,54,85,59,74,80,62,49,45,79,84,67,77,,,,,,,

Coaches,-1,Les,Rogers,66,NA,28,55,71,64,81,16,60,71,61,42,28,50,84,69,13,90,64,12,52,,,,,,,

Coaches,-1,Sal,Chavarria,61,NA,41,63,86,84,23,29,62,61,62,43,70,10,66,59,26,15,60,17,40,,,,,,,

Coaches,-1,Michale,Kennison,54,NA,43,47,43,50,61,18,77,44,14,19,73,75,90,64,78,36,70,56,68,,,,,,,

Coaches,-1,Sammie,Peters,65,NA,29,64,43,62,28,48,44,68,77,34,78,40,29,51,18,66,83,37,76,,,,,,,

Coaches,-1,Lucien,Casabloy,61,NA,41,50,40,59,75,32,18,43,43,50,53,12,67,30,17,90,40,76,12,,,,,,,

Coaches,-1,Darren,Brannum,54,NA,21,47,60,55,20,73,64,20,46,67,42,85,10,38,22,60,39,79,61,,,,,,,

Coaches,-1,Keenan,Coulter,62,NA,60,41,34,63,61,21,34,47,12,77,21,56,56,56,33,78,34,36,43,,,,,,,

Coaches,-1,Jared,Coots,58,NA,61,55,64,78,16,72,35,61,26,90,84,34,54,25,24,89,10,19,76,,,,,,,

Coaches,-1,Sean,Braddy,47,NA,61,50,42,53,32,83,62,88,36,68,67,89,32,30,30,17,38,92,67,,,,,,,

Coaches,-1,Lucien,Rosenfeld,32,NA,70,38,72,44,55,45,51,52,51,30,34,32,51,70,32,53,25,2,17,,,,,,,

Coaches,-1,Felix,Rocants,29,NA,49,65,40,47,34,89,31,80,40,71,34,72,55,67,86,42,48,14,89,,,,,,,

Coaches,-1,Tai,Navarette,32,NA,34,42,80,76,39,17,24,65,18,16,35,34,27,34,53,70,32,75,88,,,,,,,

Coaches,-1,Neil,Fleischmann,60,NA,88,46,18,22,81,44,10,65,11,32,25,76,34,50,90,29,27,18,45,,,,,,,

Coaches,-1,Deandre,Maclin,42,NA,89,37,45,48,18,60,17,25,57,12,50,63,39,30,42,37,66,45,84,,,,,,,

Coaches,-1,Jonathan,Edmiston,44,NA,23,55,24,80,86,83,13,32,67,30,18,42,58,58,81,12,85,51,39,,,,,,,

Coaches,-1,Mose,Jock,38,NA,23,56,25,69,89,66,38,58,13,72,24,50,50,19,19,13,42,57,83,,,,,,,

Coaches,-1,Irwin,Alvares,29,NA,74,54,61,39,22,26,64,86,74,83,46,70,72,17,53,41,74,14,87,,,,,,,

Coaches,-1,Andrew,Markert,60,NA,65,52,15,25,29,74,80,75,45,12,39,24,14,34,33,70,56,20,30,,,,,,,

Coaches,-1,Edwin,Clemens,52,NA,44,60,17,72,83,47,75,77,27,21,90,37,83,54,44,43,46,100,86,,,,,,,

Coaches,-1,Tobias,Whiang,43,NA,49,64,40,57,70,56,70,75,52,19,24,42,28,89,29,47,43,98,82,,,,,,,

Coaches,-1,Jose,Corn,52,NA,63,53,52,50,83,66,57,50,38,18,13,41,41,20,56,60,54,5,82,,,,,,,

Coaches,-1,Andrew,Therrien,42,NA,72,40,66,74,25,30,25,81,58,15,15,16,42,79,51,19,74,24,63,,,,,,,

Coaches,-1,Otto,Alberto,39,NA,88,74,19,43,81,78,25,78,54,46,75,52,90,41,17,75,38,96,34,,,,,,,

Coaches,-1,Edison,Southworth,66,NA,90,58,17,80,15,73,51,29,33,60,44,50,59,55,60,78,51,78,79,,,,,,,

Coaches,-1,Robin,Derrico,54,NA,14,44,73,39,55,81,53,22,59,14,79,73,44,71,68,23,58,26,16,,,,,,,

Coaches,-1,Mathew,Sistrunk,40,NA,21,57,54,76,55,29,87,20,81,73,61,14,11,74,28,61,86,41,24,,,,,,,

Coaches,-1,Chris,Michel,40,NA,16,46,66,24,44,24,48,49,10,38,40,25,81,83,75,51,67,2,84,,,,,,,

Coaches,-1,Lynn,Turberville,65,NA,64,54,75,22,25,90,39,15,88,73,76,55,83,52,48,74,47,22,51,,,,,,,

Coaches,-1,Jordan,Range,36,NA,47,46,45,56,83,24,61,15,44,87,36,73,82,81,69,13,49,88,59,,,,,,,

Coaches,-1,Michale,Giglio,34,NA,81,64,38,77,86,65,63,42,54,88,33,40,76,88,87,69,44,36,58,,,,,,,

Coaches,-1,Robbie,Selleck,55,NA,13,50,65,22,90,81,25,48,82,78,21,21,79,79,51,61,76,68,29,,,,,,,

Coaches,-1,Chauncy,Nowakowski,54,NA,69,60,72,36,70,58,24,77,62,47,79,49,34,68,61,13,34,49,33,,,,,,,

Coaches,-1,Israel,Dressler,65,NA,73,61,36,22,50,42,55,90,50,68,21,55,42,34,77,89,69,100,26,,,,,,,

Coaches,-1,Herb,Guice,30,NA,54,48,88,25,36,67,64,32,32,61,68,23,81,18,77,84,12,45,68,,,,,,,

Coaches,-1,Esteban,Rencher,41,NA,60,58,26,86,55,63,45,48,80,84,11,51,12,59,35,42,35,56,34,,,,,,,

Coaches,-1,Mehmet,Schreier,52,NA,16,45,27,41,21,47,48,46,28,62,32,87,35,48,88,40,25,99,30,,,,,,,

Coaches,-1,Billie,Brokaw,50,NA,75,59,10,19,13,87,20,64,38,11,65,63,54,48,49,82,27,67,79,,,,,,,

Coaches,-1,Donny,Denis,63,NA,81,41,18,46,13,10,59,15,27,88,68,52,39,34,90,23,52,58,29,,,,,,,

Coaches,-1,Gene,Jewell,61,NA,24,49,70,45,37,60,32,19,38,78,44,16,35,40,21,71,75,5,52,,,,,,,

Coaches,-1,Everett,Grosso,47,NA,15,57,89,90,17,81,42,54,15,80,16,59,26,40,35,45,19,31,67,,,,,,,

Coaches,-1,Caleb,Eastwood,36,NA,29,47,78,46,43,16,13,82,63,26,28,65,65,40,21,33,49,91,34,,,,,,,

Coaches,-1,Paul,Mutumbo,37,NA,55,59,75,51,49,73,72,53,63,59,71,73,63,72,68,58,74,97,72,,,,,,,